record_id,organization,source_group,source_name,source_scope,business_id,store_label,external_id,review_date,author_anon,rating,text,owner_reply,source_url
PXR-0001,Перекрёсток,review_service,Yandex Maps,store card,1016216449,"Москва, Старокачаловская ул., 1Б",PpmgoIRpiT5FdmJBEvGmYRmQ0-LmQ8w,2025-09-01,A-fb60eda1d763,3,"Огромная просьба выгонять детей, которые сидят в зоне, где можно поесть, и заряжают свои телефоны, занимая чистые места !!! На других местах не убрано!","Здравствуйте. Спасибо за обратную связь! Мы хотим провести проверку. Напишите нам, пожалуйста, в личные сообщения группы ВКонтакте https://vk.com/perekrestok_shop или в Одноклассниках https://ok.ru/perekrestok.shop ✍️ Обязательно во всём разберёмся.",https://yandex.ru/maps/org/1016216449/reviews
PXR-0002,Перекрёсток,review_service,Yandex Maps,store card,1011746989,"Санкт-Петербург, ул. Ефимова, 2",iOCByD1higBErHNfD1CNt8a-HQVrFmZe_,2025-09-01,A-6399e94df3e5,1,"Магазин пробил дно!!! Установили кассы самообслуживания в полной комплектации что бы максимально приучать людей к цифровым рублям !!! 01.08.25 убрали кассиров с рабочих мест … типа будут, но не понятно когда . !!! Информационного стенда с книгой отзывов и предложений нет В отделе самообслуживания администратор вообще не знает что это такое ! Очень надеюсь , что проверяющие органы будут постоянными клиентами Вообще очень хочется оставить заявку в Роспотребнадзор! Днище ….🔥 !!!! Ещё кассовые чеки не дают , видимо на усмотрение , так сказать по желанию ! Напоминаю, что проблем с бумагой нет !!!","Здравствуйте. Расстроены, что вам пришлось столкнуться с подобным в нашем супермаркете. Хотим запросить подробности и разобраться в ситуации. Пожалуйста, напишите нам в личные сообщения группы ВКонтакте https://vk.com/perekrestok_shop или в Одноклассниках https://ok.ru/perekrestok.shop.",https://yandex.ru/maps/org/1011746989/reviews
PXR-0003,Перекрёсток,review_service,Yandex Maps,store card,107753056573,"Москва, Можайское ш., 31, корп. 1",3civQj3pIAWiA1IHZ0ypenc736zazl5l,2025-09-03,A-2e0df342adf5,1,Воняет .как в морге Не понимаю почему такое допускают и сами работники и проверяющие организации. Ну все ж понимают.что это плохо и такого быть просто не должно.,"Здравствуйте, Елена. Спасибо, что сообщили нам. Хотели бы запросить подробности и разобраться. Пожалуйста, напишите нам в личные сообщения группы ВКонтакте https://vk.com/perekrestok_shop или в Одноклассниках https://ok.ru/perekrestok.shop 🙏",https://yandex.ru/maps/org/107753056573/reviews
PXR-0004,Перекрёсток,review_service,Yandex Maps,store card,150402629053,"Москва, ул. Грина, 7",i2_m7K-fRS9H08W46m7MlU24W6obrNIaJ,2025-09-03,A-1dbcf85d487e,3,"Хлебный отдел: выбор скудный, если прийти поздно.","Здравствуйте, Владимир. Мы постоянно пополняем ассортимент в соответствии с потребностями наших покупателей. К сожалению, иногда могут возникать задержки, что приводит к временному отсутствию некоторых товаров 😔 Мы стараемся максимально оперативно реагировать на изменения спроса и обеспечивать покупателей нужными продуктами. Если у вас есть замечания или пожелания, пожалуйста, напишите нам в личные сообщения группы ВКонтакте https://vk.com/perekrestok_shop или в Одноклассниках https://ok.ru/perekrestok.shop ✍️",https://yandex.ru/maps/org/150402629053/reviews
PXR-0005,Перекрёсток,review_service,Yandex Maps,store card,1016216449,"Москва, Старокачаловская ул., 1Б",zjnhQT7EON0H_nMB4eTpEiSPWhqqoT,2025-09-03,A-5ec5e3926427,1,Качество товаров,"Здравствуйте. Спасибо за отзыв. Хотели бы запросить подробности и разобраться. Пожалуйста, напишите нам в личные сообщения группы ВКонтакте https://vk.com/perekrestok_shop или в Одноклассниках https://ok.ru/perekrestok.shop ✍️",https://yandex.ru/maps/org/1016216449/reviews
PXR-0006,Перекрёсток,review_service,Yandex Maps,store card,241557372236,"Видное, Берёзовая ул., 8",qu3Yyx1QTBuStS5JwLBwWnidLP9eJIIX,2025-09-04,A-53d11def2726,5,"Хочу поблагодарить сотрудников, помогающих оплачивать покупки в терминалах самообслуживания. Я делаю 15 тыс шагов утром до работы с 6 до 8 и прихожу в Перекресток за покупками около 7 утра. И девушка в такую рань объясняла мне, как найти штрих-код квадратный на молочке, сырах и напитках. Я не знала, что нужно сканировать какой-то второй квадратный штрих-код. И ещё обьяснила, какая у меня скидка по карте (оказалась 120₽ скидка, заплатила за сыры 500₽). Спасибо сотрудникам, что терпеливо все объясняют и помогают. 🙏❤",Спасибо за отзыв и высокую оценку! Для нас это важно.,https://yandex.ru/maps/org/241557372236/reviews
PXR-0007,Перекрёсток,review_service,Yandex Maps,store card,1033549331,"Москва, ул. Покрышкина, 5",yyuLefu3foscWbaBXReFOOl3TQhA0g,2025-09-04,A-57799a54aa2b,1,"Время 10:10 , работает одна касса на которой 3 человека стоят с тележками , на соседней кассе сидит женщина в телефоне , подхожу спросить работает ли касса , она смотря в телефон говорит нет , отхожу на соседнюю кассу чтобы очередь еще больше не стала , только отошел и она открывает кассу , бейджика нету , поэтому не знаю как зовут , сделайте что нибудь с сотрудником","Здравствуйте. Спасибо, что сообщили нам. Хотели бы запросить подробности и разобраться. Пожалуйста, напишите нам в личные сообщения группы ВКонтакте https://vk.com/perekrestok_shop или в Одноклассниках https://ok.ru/perekrestok.shop 🍀",https://yandex.ru/maps/org/1033549331/reviews
PXR-0008,Перекрёсток,review_service,Yandex Maps,store card,1011746989,"Санкт-Петербург, ул. Ефимова, 2",P-rpkEaP0Rk90IqF1SgAvQPWQBUTxUca,2025-09-05,A-f4fa9e93ac61,1,"Так плохо что даже лень было отзыв писать. Плохо пахнет, грязновато, грубый персонал. Я удивлен, так как Перекресток в других регионах работает хорошо и обычно таких проблем я не встречал. В Волгоградских перекрестках всегда чисто, приятно пахнет и вежливый персонал.","Здравствуйте, Павел. Огорчены, что у вас сложилось такое впечатление о нашем супермаркете. Хотим запросить подробности и разобраться в ситуации. Напишите нам, пожалуйста, в личные сообщения группы ВКонтакте https://vk.com/perekrestok_shop или в Одноклассниках https://ok.ru/perekrestok.shop ✍️",https://yandex.ru/maps/org/1011746989/reviews
PXR-0009,Перекрёсток,review_service,Yandex Maps,store card,1033549331,"Москва, ул. Покрышкина, 5",8uQPmgeLgh99RN1mWcwblLF5XcaS3e2,2025-09-06,A-1391728f7e29,5,"все перечисленное есть магазин огромный и дико популярный, но отвратительно видеть пожирающих продукты и пьющих напитки из трубочек из-за пазух жуликов.Охрану надо брать побдительней на работу, больше камер поедатели -это не бедняки, а наглецы и воры",Благодарим за отзыв! Стараемся для вас.,https://yandex.ru/maps/org/1033549331/reviews
PXR-0010,Перекрёсток,review_service,Yandex Maps,store card,108942729577,"Кисловодск, просп. Победы, 6",Fk-FXekoftNvKnyGFEY3q4nKn1jaoWQMd,2025-09-06,A-4aa6db7d2af8,5,Хороший магазин для покупок продуктов в дорогу,Спасибо за выбор нашей сети и такой чудесный отзыв!,https://yandex.ru/maps/org/108942729577/reviews
PXR-0011,Перекрёсток,review_service,Yandex Maps,store card,150402629053,"Москва, ул. Грина, 7",KWYCbBfXJTWCLFOvcxsbRT6HlASQ2u,2025-09-07,A-702939961f80,1,"Новая концепция и расстановка - полная ерунда. Ремонт сделали, обертка красивая, а внутри ничего нет","Здравствуйте, Тимур. Спасибо за отзыв. Если у вас есть замечания или пожелания, напишите, пожалуйста, в личные сообщения группы ВКонтакте https://vk.com/perekrestok_shop или в Одноклассниках https://ok.ru/perekrestok.shop 👌",https://yandex.ru/maps/org/150402629053/reviews
PXR-0012,Перекрёсток,review_service,Yandex Maps,store card,108942729577,"Кисловодск, просп. Победы, 6",yjI_YvifjSJhxYZi3K_UbrzEEIZILtt,2025-09-08,A-3564e03b9421,5,"Как всегда хороший ассортиментный перечень, а также соседствующие магазины. Неожиданно для себя смог найти подарок. Класс","Спасибо, нам очень приятно!",https://yandex.ru/maps/org/108942729577/reviews
PXR-0013,Перекрёсток,review_service,Yandex Maps,store card,1346437790,"Москва, Сормовская ул., 6",hqFu5atUN2QMFUllRQ_y8y3sJTG0sjn,2025-09-10,A-0a7fc06cf33c,4,"Отличный персонал, всегда готовы помочь. Сам магазин круглосуточный, после 11 вечера скинов на кондитерские изделия, пользуюсь, чтобы был стимул ходить в зал","Здравствуйте, Евгений. Спасибо за обратную связь, рады для вас стараться! Желаем вам приятных покупок 💚",https://yandex.ru/maps/org/1346437790/reviews
PXR-0014,Перекрёсток,review_service,Yandex Maps,store card,1106270812,"Санкт-Петербург, Пражская ул., 48/50",ij9QO6-cb9Tx-xauInvD1wIm99zigS8L,2025-09-10,A-eeb3c54eb255,1,"Абсолютно невероятный обман потребителя Под видом чахохбили с курой на полках находится гречневая каша. Ну вероятно перепутали этикетки на производстве, с кем не бывает. Однако данный продукт в ходе продаж в самом магазине был переоценен и на на него сотрудником магазина был приклеен новый стикер с новой ценой. Он же не мог не заметить что внутри находится совершенно другой продукт!... Дальше самое интересное. Я обратил внимание сотрудника магазина на эту ошибку, на что та ответила, что поскольку продукт не является продуктом производством самого магазина, то снимать его с продажи они не имеют права. То есть продажа гречи под видом чахохбили для магазина этой сети вполне себе нормальное явление","Здравствуйте, Александр. Расстроены, что вам пришлось столкнуться с подобным в нашем супермаркете. Хотим запросить подробности и разобраться в ситуации. Напишите нам, пожалуйста, в личные сообщения группы ВКонтакте https://vk.com/perekrestok_shop или в Одноклассниках https://ok.ru/perekrestok.shop ✍️",https://yandex.ru/maps/org/1106270812/reviews
PXR-0015,Перекрёсток,review_service,Yandex Maps,store card,150402629053,"Москва, ул. Грина, 7",gf_yF4vOOzwCojjjXgUzCZ1WsFDDUdH,2025-09-11,A-8abe1d1226e9,5,"Обновлённый магазин просто шикарный, очень приятно в него стало ходить. Отдельный респект за готовую еду и менее громооздкие стеллажи) Раньше были достаточно большие очереди, в обновлённой версии такого не замечала.",Ждём вас в наших супермаркетах!,https://yandex.ru/maps/org/150402629053/reviews
PXR-0016,Перекрёсток,review_service,Yandex Maps,store card,1346437790,"Москва, Сормовская ул., 6",7ChTSIcofOCXGuwd3eBB3Gs5-U0MmiK,2025-09-12,A-65ef86db4adf,3,"Ассортимент магазина хороший, но почему утром работает всегда 1 касса? Кассы самообслуживания не работают никогда утром, из-за этого очередь!","Здравствуйте. Спасибо за обратную связь! Комфорт клиентов очень важен для нас, поэтому всегда решим вопрос в режиме реального времени. В случае отсутствия продавца или кассира, а также при наличии очереди более 3 человек, пожалуйста, напишите нам в личные сообщения группы ВКонтакте https://vk.com/perekrestok_shop или в Одноклассниках https://ok.ru/perekrestok.shop.",https://yandex.ru/maps/org/1346437790/reviews
PXR-0017,Перекрёсток,review_service,Yandex Maps,store card,107753056573,"Москва, Можайское ш., 31, корп. 1",cWWG6OKus-Nv7JBV0Yckv6WOZgN2B6yjU,2025-09-13,A-4eeb766cfb81,1,"Последнее время магазин испортился, на полках бардак и грязь.","Здравствуйте. Расстроены, что вам пришлось столкнуться с подобным в нашем супермаркете. Хотим запросить подробности и разобраться в ситуации. Пожалуйста, напишите нам в личные сообщения группы ВКонтакте https://vk.com/perekrestok_shop или в Одноклассниках https://ok.ru/perekrestok.shop.",https://yandex.ru/maps/org/107753056573/reviews
PXR-0018,Перекрёсток,review_service,Yandex Maps,store card,150402629053,"Москва, ул. Грина, 7",zGgPXSQofg6Quom4oMeWeyzpyfaVbc5,2025-09-13,A-d50de0f84840,5,"После ремонта появилось много новых товаров на любой вкус. Кассы самообслуживания удобны, чтобы не стоять в очереди.",Спасибо за отзыв и высокую оценку! Для нас это важно.,https://yandex.ru/maps/org/150402629053/reviews
PXR-0019,Перекрёсток,review_service,Yandex Maps,store card,241557372236,"Видное, Берёзовая ул., 8",go7qWiE479jAHcE0_109vwrGiE0uJg,2025-09-14,A-7d813c0d51fc,5,"После большого обновления этот магазин заиграл новыми красками. Теперь здесь очень свежо и уютно. Ассортимент товара стал еще больше, а выбирать их стало гораздо удобнее. Касс самообслуживания стало очень много, за что особенно приятно. Теперь этот магазин - мой личный фаворит.",Спасибо за выбор нашей сети и такой чудесный отзыв!,https://yandex.ru/maps/org/241557372236/reviews
PXR-0020,Перекрёсток,review_service,Yandex Maps,store card,1106270812,"Санкт-Петербург, Пражская ул., 48/50",lBNW34ZSwZCBT7UTVvaoGN9ERYp4Llq,2025-09-14,A-facd4bc65d2d,5,"Хороший перекресток, не увидел ничего плохого!",Спасибо за обратную связь!,https://yandex.ru/maps/org/1106270812/reviews
PXR-0021,Перекрёсток,review_service,Yandex Maps,store card,241557372236,"Видное, Берёзовая ул., 8",Wus3sogqrwHYSDQl7iSThI_1Oesh_h2,2025-09-15,A-a49bfef96322,1,"Научите Марию обращаться к людям если ей требуется взять какой то продукт не молчаливый косой взгляд типа «че встал тут отойди ,я тут работаю» и немного хваленных фруктов фото. Добавка «все для нас как для себя « вы свои продукты тухлые посмотрите магазин просто помойкой стал «Благодарю за ожидание. Уважаемый клиент , спасибо за обращение.В продаже три партии , сроки : до 26.04.2025, 05.05.2025 и 13.05.2025.Внешний вид соответствует, внутри вакуума рыба плотная и не разваливается что говорит что рыба качественная. Ждем Ваших заказов.»»Артур, после вашего обращения 18093312, в супермаркете изменили алгоритм проверки качества, поэтому можете быть уверены, что больше подобное не повторится. Заботимся о вас как о себе🍀 Стоимость товара начислена на вашу карту лояльности в размере 1950 Апельсинок. Будут начислены в течение суток. Надеемся, что в дальнейшем будем дарить вам только положительные эмоции. Приятных покупок. Консультант Альфия, команда Центра заботы о клиентах.» а это ответы процитировал пару месяцев назад подобные ситуации с испорченными продуктами и продолжение последует даже не сомневайтесь ……. Обходите стороной даже если возле вашего дом","Здравствуйте. Спасибо, что рассказали об этом. Позвоните нам, пожалуйста, по номеру [PHONE] или напишите в чат приложения или сайта https://www.perekrestok.ru/. Хотели бы провести проверку и навести порядок.",https://yandex.ru/maps/org/241557372236/reviews
PXR-0022,Перекрёсток,review_service,Yandex Maps,store card,108942729577,"Кисловодск, просп. Победы, 6",oGx7l3tAkPmS-H7UgQk1stP9KSuLij,2025-09-15,A-772a2515b1f0,5,"Отличный магазин, большой выбор продуктов, вкусная выпечка.","Спасибо, нам очень приятно!",https://yandex.ru/maps/org/108942729577/reviews
PXR-0023,Перекрёсток,review_service,Yandex Maps,store card,107753056573,"Москва, Можайское ш., 31, корп. 1",vt4Zo7RJ8ljxWzgTOajsWLK2G7ufAizR,2025-09-15,A-d6adb3d1e5ed,1,"Перекресток, который удивил меня . Фотографии всё «скажут» . 1) нет половины ценников ; 2) цена на кассе не соответствует ценникам ; 3) на витрине овощи, которые необходимо списать, но они 3 неделю подряд на одном прилавке ; 4) не следят на сроками годности. Часто несвежее, которое давно пора на уценку, красуется на витринах ; 5) лед и снег в морозильных камерах, где продукты уже подлежат списанию; 6) невозможно заказать самовывоз, т.к многие товары отмечены как «нет в наличии», а по факту они есть ( обращение на горячую линию не исправило ситуацию) 7) Бардак .","Здравствуйте. Спасибо, что сообщили нам. Хотели бы запросить подробности и разобраться. Пожалуйста, напишите нам в личные сообщения группы ВКонтакте https://vk.com/perekrestok_shop или в Одноклассниках https://ok.ru/perekrestok.shop 🙏",https://yandex.ru/maps/org/107753056573/reviews
PXR-0024,Перекрёсток,review_service,Yandex Maps,store card,1011746989,"Санкт-Петербург, ул. Ефимова, 2",DIAgp_d-kVmNl_dZCJMtcRfC0vz98c,2025-09-16,A-2c8142329d0c,1,"Ценники не меняют , мало персонала и большие очереди","Здравствуйте, Диана. Расстроены, что вам пришлось столкнуться с подобным в нашем супермаркете 😔 Хотим запросить подробности и разобраться в ситуации. Пожалуйста, напишите нам в личные сообщения группы ВКонтакте https://vk.com/perekrestok_shop или в Одноклассниках https://ok.ru/perekrestok.shop ✍️",https://yandex.ru/maps/org/1011746989/reviews
PXR-0025,Перекрёсток,review_service,Yandex Maps,store card,115894975781,"Москва, Сходненская ул., 56",i-QMm04W6fWqN-rAty55SW5XyTTEajxI,2025-09-16,A-932fcddd5188,2,"Кофейня Перекрестка теряет клиентов. Я уже второй раз за неделю подхожу и жду по 10 минут кофе, в итоге ухожу. Ни таблички через сколько вернется сотрудник, ни самого со рудника на рабочем месте нет","Здравствуйте, Ирина. Спасибо за обратную связь! Мы хотим провести проверку. Напишите нам, пожалуйста, в личные сообщения группы ВКонтакте https://vk.com/perekrestok_shop или в Одноклассниках https://ok.ru/perekrestok.shop. Обязательно во всём разберёмся 🙌",https://yandex.ru/maps/org/115894975781/reviews
PXR-0026,Перекрёсток,review_service,Yandex Maps,store card,1011746989,"Санкт-Петербург, ул. Ефимова, 2",KhcDTXwaKEAbyz1z60UO5qSaFWnJcOy,2025-09-17,A-1b500b2c1083,1,"В прилавки нет продавца, надо искать. Искала пол часа не нашла,из витрина купила курица оказывается было испорченный, воняет прям,не стала вернуть выкинула в мусор","Здравствуйте. Расстроены, что вам пришлось столкнуться с подобным в нашем супермаркете 😔 Хотим запросить подробности и разобраться в ситуации. Пожалуйста, напишите нам в личные сообщения группы ВКонтакте https://vk.com/perekrestok_shop или в Одноклассниках https://ok.ru/perekrestok.shop 🙏",https://yandex.ru/maps/org/1011746989/reviews
PXR-0027,Перекрёсток,review_service,Yandex Maps,store card,1016216449,"Москва, Старокачаловская ул., 1Б",7AR4gz1j9yrJ6iy5_Rrjko0_T4NTSu,2025-09-19,A-e6a79e76842f,5,Очень большой магазин есть всё. Супер.,"Благодарим за положительный отзыв! Приятно, что смогли порадовать вас.",https://yandex.ru/maps/org/1016216449/reviews
PXR-0028,Перекрёсток,review_service,Yandex Maps,store card,115894975781,"Москва, Сходненская ул., 56",96F1vzBhvdi2zl60JztsGoAIu5wn7SA,2025-09-19,A-158bfda9c17e,3,"Базовый перекресток в калейдоскопе! Ставлю три балла только за то, что не хватает тележек. В обычный пятничный вечер, когда я отправился пополнить свои стратегические запасы холодильника,ввязался в конфликт с женщиной бальзамического возраста и к сожалению проиграл эту битву и уступил ей тележку.","Здравствуйте, Антон. Спасибо, что сообщили нам. Хотели бы запросить подробности и разобраться. Пожалуйста, напишите нам в личные сообщения группы ВКонтакте https://vk.com/perekrestok_shop или в Одноклассниках https://ok.ru/perekrestok.shop 🙏",https://yandex.ru/maps/org/115894975781/reviews
PXR-0029,Перекрёсток,review_service,Yandex Maps,store card,108942729577,"Кисловодск, просп. Победы, 6",vc9pftINItouWg_0A8xHsRNveeBDCc,2025-09-19,A-129d9666f373,5,"Люблю ходить именно в Перекресток из-за огромного выбора продуктов, напитков. Очень вкусная выпечка, хлеб. Все свежее, удобно расположено. Товары на любой карман","Благодарим за положительный отзыв! Приятно, что смогли порадовать вас.",https://yandex.ru/maps/org/108942729577/reviews
PXR-0030,Перекрёсток,review_service,Yandex Maps,store card,1011746989,"Санкт-Петербург, ул. Ефимова, 2",P--Lj2ZoQZQDWpjHoHti9ggeaX9IuLP7l,2025-09-20,A-8c8efc137f78,1,"Хожу сюда постоянно, оплачиваю наличкой, очереди всегда по 7-10 человнк и один кассир, всегда один, иногда два в редкие случаи. Зато экономия магазину !:(","Здравствуйте, Григорий! Хотим разобраться в ситуации. Напишите, пожалуйста, нам в личные сообщения группы ВКонтакте https://vk.com/perekrestok_shop или в Одноклассниках https://ok.ru/perekrestok.shop 👌",https://yandex.ru/maps/org/1011746989/reviews
PXR-0031,Перекрёсток,review_service,Yandex Maps,store card,1011746989,"Санкт-Петербург, ул. Ефимова, 2",v-NG2zyDfmkqxX69mlSZAJSswZwHwfFYq,2025-09-20,A-fece9d14b3fb,5,"просторный и светлый магазин, большой выбор, достаточно касс самообслуживания.","Спасибо, это важно для нас!",https://yandex.ru/maps/org/1011746989/reviews
PXR-0032,Перекрёсток,review_service,Yandex Maps,store card,1106270812,"Санкт-Петербург, Пражская ул., 48/50",VdMfgfubtloz2eMt4QJAoiSsCxfHZeN,2025-09-21,A-7d2a28918108,5,"Мой любимый магазин, здесь продают парфюмы из вб, и есть классные находки, каждый раз сюда захожу чтоб купить себе пп еду","Спасибо, это важно для нас!",https://yandex.ru/maps/org/1106270812/reviews
PXR-0033,Перекрёсток,review_service,Yandex Maps,store card,108942729577,"Кисловодск, просп. Победы, 6",G0ZViBoBJoqLVL_S6RilHE8rcNTbx5Qv,2025-09-22,A-21b467c25de1,5,Лучший супермаркет в городе . Самые низкие цены на молочку и свежую рыбу . Всегда можно найти то что в других магазинах нет вовсе,"Спасибо, нам очень приятно!",https://yandex.ru/maps/org/108942729577/reviews
PXR-0034,Перекрёсток,review_service,Yandex Maps,store card,108942729577,"Кисловодск, просп. Победы, 6",QzGQO6Dr86gGLGm3-0EfsktXT0-fGh,2025-09-22,A-aa7302f0dd7c,4,"Хороший магазин нечего обычного , выбор большой , а мою нутеллу Продают за 599 рублей . Нутелла Должна стоить максимум 300 рублей А так магизин норм 👌","Здравствуйте, Анжелика. Спасибо за обратную связь! Поставщики повышают цены, и это влияет на стоимость товаров в наших супермаркетах 😔 Мы стараемся сделать так, чтобы нашим клиентам было комфортно. Проводим регулярные промоакции и предоставляем скидки 😊 Подробнее тут: https://www.perekrestok.ru/cat/d",https://yandex.ru/maps/org/108942729577/reviews
PXR-0035,Перекрёсток,review_service,Yandex Maps,store card,108942729577,"Кисловодск, просп. Победы, 6",fGofJ2QmrJtyCyXbKBnyQNey_bXZCqFmE,2025-09-22,A-a58c3219ab87,5,"Он тааааакой большой!))) я в восторге) и косметос и фрукты и лавка здорового питания) один недостаток - далеко от моего дома, и под горкой , приходится подняться в гору а потом спуститься к нему, болят ноги, часто поэтому вызываю такси. Я не местная, не привыкла жить среди гор.",Спасибо за выбор нашей сети и такой чудесный отзыв!,https://yandex.ru/maps/org/108942729577/reviews
PXR-0036,Перекрёсток,review_service,Yandex Maps,store card,1106270812,"Санкт-Петербург, Пражская ул., 48/50",OdBpc6wCgJiuFt882_VE97GSO7-SV7h,2025-09-23,A-41cd8c148a73,5,"Мне понравился магазин, правда пришлось походить, я первый раз в этом магазине, сложно ориентироваться, но понравилось, есть скидки, есть товары на любой вкус, чисто аккуратно, вообщем одни плюсы",Ждём вас в наших супермаркетах!,https://yandex.ru/maps/org/1106270812/reviews
PXR-0037,Перекрёсток,review_service,Yandex Maps,store card,1106270812,"Санкт-Петербург, Пражская ул., 48/50",yqsI3rxbeYIO_2YN6RPki7SoSmQDUeVMZ,2025-09-23,A-3707ebde954b,5,Скидки и акции,Спасибо за приятный отзыв! Всегда рады видеть вас в нашем супермаркете.,https://yandex.ru/maps/org/1106270812/reviews
PXR-0038,Перекрёсток,review_service,Yandex Maps,store card,108942729577,"Кисловодск, просп. Победы, 6",uhtQ84kOwqnLdjlvUSJTu1OoDnFbGM,2025-09-24,A-bb6f17d05bc9,5,"Удивительно, здесь огромный выбор крымских вин. Выбор шире, чем в переках в Москве.","Спасибо за отзыв! Рады, что вам нравится.",https://yandex.ru/maps/org/108942729577/reviews
PXR-0039,Перекрёсток,review_service,Yandex Maps,store card,108942729577,"Кисловодск, просп. Победы, 6",2XBWTVsQ0Y6dgHTaOwM1F8U0KbiZDBn,2025-09-25,A-90d56a6c4f9f,5,"Люблю делать покупки в этом магазине, особенно когда скидки. А скидки там бывают часто 😊. Огромный выбор продуктов.","Спасибо, что нашли время поделиться своими впечатлениями! Очень приятно.",https://yandex.ru/maps/org/108942729577/reviews
PXR-0040,Перекрёсток,review_service,Yandex Maps,store card,1011746989,"Санкт-Петербург, ул. Ефимова, 2",78ETkNRkfYINKPWzCVMMEIZUUIINzGZTu,2025-09-25,A-21fbcf9949c3,5,"Нам очень нравится этот супермаркет. Большой выбор выпечки, готовой еды. Ещё очень хорошо, что он работает 24/7.",Ждём вас в наших супермаркетах!,https://yandex.ru/maps/org/1011746989/reviews
PXR-0041,Перекрёсток,review_service,Yandex Maps,store card,1033549331,"Москва, ул. Покрышкина, 5",JuVUuOsH9yISj85D2a58ZjVbn9yyLoD5K,2025-09-25,A-ce83855795de,1,"Первый раз вижу чтобы в перекрестке не работали все кассы в течение 15 минут. А на самом деле все 25, это полный беспредел.","Здравствуйте. Спасибо за обратную связь! Комфорт клиентов очень важен для нас, поэтому всегда решим вопрос в режиме реального времени. В случае отсутствия продавца или кассира, а также при наличии очереди более 3 человек, пожалуйста, напишите нам в личные сообщения группы ВКонтакте https://vk.com/perekrestok_shop или в Одноклассниках https://ok.ru/perekrestok.shop.",https://yandex.ru/maps/org/1033549331/reviews
PXR-0042,Перекрёсток,review_service,Yandex Maps,store card,150402629053,"Москва, ул. Грина, 7",2PbZ9QBJwW-Gk9sqjXXXRk1qxmOVxrc9L,2025-09-26,A-46980b11f1f4,1,"Магазин обновили , но вытяжки ужасные , выходишь из магазина , как после чайханы , прованивают даже трусы","Здравствуйте. Спасибо, что сообщили нам. Хотели бы запросить подробности и разобраться. Пожалуйста, напишите нам в личные сообщения группы ВКонтакте https://vk.com/perekrestok_shop или в Одноклассниках https://ok.ru/perekrestok.shop 🙏",https://yandex.ru/maps/org/150402629053/reviews
PXR-0043,Перекрёсток,review_service,Yandex Maps,store card,150402629053,"Москва, ул. Грина, 7",MqrbCSaJo3SPL36Pm0rOvsywI2ZttaCKB,2025-09-26,A-3e51d4f1da6c,2,"Казалось бы, ремонт магазина должен был изменить его к лучшему, но… Достаточно большую часть магазина переоборудовали под кафе из-за чего стало очень тесно. Надо сильно постараться, что бы разъехаться с тележками покупателей и сотрудниками, собирающими заказы. Ассортимент товаров стал довольно скудным. Все чаще выбираю другие магазины для покупок. И даже наличие большого количества касс самообслуживания не спасает ситуацию, к сожалению.","Здравствуйте, Ольга. Спасибо за отзыв. Если у вас есть замечания или пожелания к супермаркетам торговой сети ""Перекрёсток"", напишите, пожалуйста, в личные сообщения группы ВКонтакте https://vk.com/perekrestok_shop или в Одноклассниках https://ok.ru/perekrestok.shop.",https://yandex.ru/maps/org/150402629053/reviews
PXR-0044,Перекрёсток,review_service,Yandex Maps,store card,107753056573,"Москва, Можайское ш., 31, корп. 1",fDHMVhDVF_LHlfFdK7zvgucAlSTFRoIAk,2025-09-26,A-02d6b4f401e8,2,"Самый отстойный Перекресток из всех где бывала. И хотя живу недалеко, стараюсь заходить только при крайней необходимости. Товар несвежий, грязно, касса всегда одна работает. Этот же кассир отходит искать интернет-заказы. Да есть кассы самообслуживания, но в них, то товар не бьется, то карта лояльности не проходит. Один продавец и на мясную гастрономию и на отдел свежей рыбы и мяса. Очень не рекомендую(((","Здравствуйте. Расстроены, что вам пришлось столкнуться с подобным в нашем супермаркете. Хотим запросить подробности и разобраться в ситуации. Пожалуйста, напишите нам в личные сообщения группы ВКонтакте https://vk.com/perekrestok_shop или в Одноклассниках https://ok.ru/perekrestok.shop.",https://yandex.ru/maps/org/107753056573/reviews
PXR-0045,Перекрёсток,review_service,Yandex Maps,store card,1011746989,"Санкт-Петербург, ул. Ефимова, 2",t4ysBclk5X3ZpfIrSVUWXUsi27RRwsJ6M,2025-09-26,A-7c64513d2f32,4,"Пирожки с супом вкусные, нагетсы с картошкой тоже. Сырники невкусные из творожной массы, блины с ветчиной и сыром невкусные из-за противного плавленноно сыра.","Здравствуйте. Хотели бы запросить подробности и разобраться. Пожалуйста, напишите нам в личные сообщения группы ВКонтакте https://vk.com/perekrestok_shop или в Одноклассниках https://ok.ru/perekrestok.shop.",https://yandex.ru/maps/org/1011746989/reviews
PXR-0046,Перекрёсток,review_service,Yandex Maps,store card,115894975781,"Москва, Сходненская ул., 56",eZMf72By82SAJaqGaq8u1CdIyX6V1HE,2025-09-27,A-d3ad54523d2c,1,"Купила вчера сосиску в тесте, с вчерашним сроком приготовления и годностью до сегодняшнего дня, но что-то пошло не так. Вы людей отравить хотите? Пусть это останется на совести тех, кто переупаковывание просроченные продукты ! P.S фотографию с просроченным продуктом отклоняют !!!","Здравствуйте. Расстроены, что вам пришлось столкнуться с товарами такого качества. Хотим запросить подробности и разобраться в ситуации. Пожалуйста, напишите нам в личные сообщения группы ВКонтакте https://vk.com/perekrestok_shop или в Одноклассниках https://ok.ru/perekrestok.shop.",https://yandex.ru/maps/org/115894975781/reviews
PXR-0047,Перекрёсток,review_service,Yandex Maps,store card,108942729577,"Кисловодск, просп. Победы, 6",0vG6k7DO9KSHXFb2TzYikU2Mtm8EkA_,2025-09-28,A-58b4f68da59b,1,Неаппетитный запах в мясном отделе,"Здравствуйте. Спасибо, что сообщили нам. Хотели бы запросить подробности и разобраться. Пожалуйста, напишите нам в личные сообщения группы ВКонтакте https://vk.com/perekrestok_shop или в Одноклассниках https://ok.ru/perekrestok.shop 🙏",https://yandex.ru/maps/org/108942729577/reviews
PXR-0048,Перекрёсток,review_service,Yandex Maps,store card,108942729577,"Кисловодск, просп. Победы, 6",FOQ0wxzkhY9n8PE9ip1QabrYjIQXsL,2025-09-28,A-d876e31adc48,5,"Большой ассортимент, огромный выбор разных продуктов. Чисто, всё свежее. Цены стандартные, можно найти что-то по душе и даже больше.",Спасибо за ваш отзыв! Будем рады снова видеть вас в нашем супермаркете.,https://yandex.ru/maps/org/108942729577/reviews
PXR-0049,Перекрёсток,review_service,Yandex Maps,store card,115894975781,"Москва, Сходненская ул., 56",YCT12gR_fEYizv3Bb4nzoS_hYOxiuPp7,2025-09-28,A-8538da149702,5,После ремонта стал лучше,Спасибо за обратную связь!,https://yandex.ru/maps/org/115894975781/reviews
PXR-0050,Перекрёсток,review_service,Yandex Maps,store card,1016216449,"Москва, Старокачаловская ул., 1Б",aMTBj8qRbn4bdPsQtDhegWEN_MCGoqcy,2025-09-28,A-a0feaaecf858,5,Хороший чистый и вкусный кофе ☕ рекомендую,Спасибо за выбор нашей сети и такой чудесный отзыв!,https://yandex.ru/maps/org/1016216449/reviews
PXR-0051,Перекрёсток,review_service,Yandex Maps,store card,1011746989,"Санкт-Петербург, ул. Ефимова, 2",rOIWm47x1EvLYKRwOXGzHJpwdFltQktH9,2025-09-28,A-2d362ea4f8eb,2,"Оценка исключительно за персонал на кассах. Вы подошли на кассу когда кассиры говорит разговаривают между собой? Да пофиг, даже после вашего замечания они продолжат говорить. Не раз видел как кассиры скандалит с клиентами.","Здравствуйте. Расстроены, что вам пришлось столкнуться с подобным в нашем супермаркете. Хотим запросить подробности и разобраться в ситуации. Пожалуйста, напишите нам в личные сообщения группы ВКонтакте https://vk.com/perekrestok_shop или в Одноклассниках https://ok.ru/perekrestok.shop.",https://yandex.ru/maps/org/1011746989/reviews
PXR-0052,Перекрёсток,review_service,Yandex Maps,store card,107753056573,"Москва, Можайское ш., 31, корп. 1",d5fyMA7ItNJwlsqwTefuRHr0LjX5Am,2025-09-29,A-de60feedd121,1,"Испортился магазин, купил Мясо попросил Фарш сделать - не сделали, гостробайторша какая на кассе сидит невменяемая, короче клоунада а не магазин стал. Во что сейчас Превратился нормальный магазин?","Здравствуйте, Александр. Спасибо, что поделились своим мнением. Хотим запросить подробности и разобраться в ситуации. Напишите нам, пожалуйста, в личные сообщения группы ВКонтакте https://vk.com/perekrestok_shop или в Одноклассниках https://ok.ru/perekrestok.shop ✍️",https://yandex.ru/maps/org/107753056573/reviews
PXR-0053,Перекрёсток,review_service,Yandex Maps,store card,1011746989,"Санкт-Петербург, ул. Ефимова, 2",FvpskvlWAz77BTFAEu1c6bgC_yUgGGs,2025-09-30,A-c9c89b11a89d,1,"Покупал пикшу и пангасиус филе охлаждённое. Оба оказались испорченные. Когда-то покупал готовые куриные шашлычки , тоже были сделаны из тухлой курицы. выдел ещё там после пасхи делали СУХАРИ из КУЛИЧЕЙ. Жадный и мелочный магазин. Ещё при входе не было маленьких корзинок, они почему-то были все на кассе и никто за этим не следит. ""охранники"" остановят не представившись потребуют чек. ""охранники"" не следят за ситуацией останавливают на удачу. я позвонил на горячую линию рассказал о ситуации. и судя по отзывам ""охранники"" ведут себя так часто. мне перезвонили из отдела по работе с клиентами и сказали что я вру и такого не было. отзывы о перекрёстке на ефимова 2 прочитать отказались.","Здравствуйте. Расстроены, что вам пришлось столкнуться с подобным в нашем супермаркете. Хотим запросить подробности и разобраться в ситуации. Пожалуйста, напишите нам в личные сообщения группы ВКонтакте https://vk.com/perekrestok_shop или в Одноклассниках https://ok.ru/perekrestok.shop.",https://yandex.ru/maps/org/1011746989/reviews
PXR-0054,Перекрёсток,review_service,Yandex Maps,store card,1011746989,"Санкт-Петербург, ул. Ефимова, 2",IwVmw47tNr3SYK_QpE8n55hhTOX2YrtR,2025-10-02,A-559c1599d9c3,1,"Отвратительный магазин. Заказала доставку, полдня ждала, ни продуктов, ни денег. Написала в поддержку. Ой, мы вернули вам деньги, ждите 10 дней. В приложении отзыв не написать 'Ой, что-то пошло не так"". Век больше не буду ничего заказывать. Это уже второй раз косяки с доставкой. Последний раз форель заказала, на скидку купилась. Помимо рыбы других продуктов набрала, чтобы уж из одного магазина все привезли. Поставила галочку, связаться со мной, если товара не будет. Привезли часть, рыбы нет. Никто не звонил. Ловят на скидки товаров, которых нет и в помине. Гадость, а не магазин.","Здравствуйте. Спасибо, что сообщили нам. Хотели бы запросить подробности и разобраться. Пожалуйста, напишите нам в личные сообщения группы ВКонтакте https://vk.com/perekrestok_shop или в Одноклассниках https://ok.ru/perekrestok.shop.",https://yandex.ru/maps/org/1011746989/reviews
PXR-0055,Перекрёсток,review_service,Yandex Maps,store card,107753056573,"Москва, Можайское ш., 31, корп. 1",C5ASquJoSKF-XWXpG0L-f_XMNydgDv,2025-10-04,A-42c72554263b,1,"Ужасные сотрудники, при покупателях возмущаются о том, что у них и так запара, а люди все идут и идут. Мне нужно было забрать посылку, так кассир начала говорить, что и так сложные часы работы, а тут я со своей посылкой.","Здравствуйте. Расстроены, что вам пришлось столкнуться с подобным в нашем супермаркете. Хотим запросить подробности и разобраться в ситуации. Пожалуйста, напишите нам в личные сообщения группы ВКонтакте https://vk.com/perekrestok_shop или в Одноклассниках https://ok.ru/perekrestok.shop.",https://yandex.ru/maps/org/107753056573/reviews
PXR-0056,Перекрёсток,review_service,Yandex Maps,store card,108942729577,"Кисловодск, просп. Победы, 6",h80Xojxmgoa9eW44eb4fHn9sTpyH3F,2025-10-04,A-6058102e1c0c,2,"Намного дороже, чем в обычных продуктовых маркетах. Не рекомендую","Здравствуйте. На стоимость влияет множество факторов, но мы всегда стараемся подготовить для своих клиентов самые выгодные предложения, проводим регулярные промоакции и предоставляем скидки😊 Подробнее тут: https://www.perekrestok.ru/cat/d Если у вас есть замечания или пожелания, пожалуйста, напишите нам в личные сообщения группы ВКонтакте https://vk.com/perekrestok_shop или в Одноклассниках https://ok.ru/perekrestok.shop 🍀",https://yandex.ru/maps/org/108942729577/reviews
PXR-0057,Перекрёсток,review_service,Yandex Maps,store card,1016216449,"Москва, Старокачаловская ул., 1Б",i1aQfg4JYUJnj9XII3vM3RXdXgY5h5,2025-10-04,A-752830ab9b3e,5,"Мой любимый магазин много лет)) Новый ремонт, всегда свежие продукты и приветливый персонал) П.с. Вкусный ароматный кофе! 🤩☺️",Благодарим за развернутый отзыв и хорошую оценку!,https://yandex.ru/maps/org/1016216449/reviews
PXR-0058,Перекрёсток,review_service,Yandex Maps,store card,1011746989,"Санкт-Петербург, ул. Ефимова, 2",npVxbp2FOzrcYhKHX-GSVkn-V8-KrGYO0,2025-10-04,A-1c90a457d62f,2,"Раньше казалось, что все проблемы этого Перекрестка временные, но сегодня убедилась, что улучшаться этот магазин не намерен. Постоянно бардак в зоне касс, в овощах постоянно лежит увядшая зелень в аппарате, который по идее должен сохранять ее свежесть. Сегодня пришлось контактировать с персоналом - это было страшно: бандитского вида, зачем-то подходят сразу с претензией, когда покупаешь что-то в кассе самообслуживания, но помочь с проблемой не могут; кассиры отвечают очень грубо, строго, почти что кричат, отфутболивают. Очень неприятно. Если этот район располагает к такому общению с посетителями, то может стоит открыть здесь что-то по типу Семишагова, а не супермаркет Перекресток?","Здравствуйте. Расстроены, что вам пришлось столкнуться с подобным в нашем супермаркете. Хотим запросить подробности и разобраться в ситуации. Пожалуйста, напишите нам в личные сообщения группы ВКонтакте https://vk.com/perekrestok_shop или в Одноклассниках https://ok.ru/perekrestok.shop.",https://yandex.ru/maps/org/1011746989/reviews
PXR-0059,Перекрёсток,review_service,Yandex Maps,store card,115894975781,"Москва, Сходненская ул., 56",ClJUqD3-A13Av_gxlnwWnwgtKZVQT-,2025-10-05,A-ad9d88e47012,5,"Большое спасибо за благожелательность и отзывчивость зав. отдела Оксане- она не только помогла найти нужный товар и даже сопроводила до кассы. А зав. кафе Владимир варит лучший кофе. Заходим почти каждый день, чтобы насладиться кофе и меренгой с тыквенными семечками. Спасибо, Перекрёсток, за такой отзывчивый, квалифицированный персонал.",Спасибо за отзыв и высокую оценку! Для нас это важно.,https://yandex.ru/maps/org/115894975781/reviews
PXR-0060,Перекрёсток,review_service,Yandex Maps,store card,150402629053,"Москва, ул. Грина, 7",Ee7iR5mzjwNHKgEq7z1kaE-_Cnfa0d,2025-10-05,A-09211033137a,3,"Скажите пожалуйста почему в большинстве магазинов мухи не летают, а у вас летают? В целом не плохо. Магазин рядом с домом. Но продукты надо внимательно выбирать то гнилая картошка, то что то не свежее. В наглую продают гнилые яблоки. Кто и зачем их купит? Почему сразу яблоки не отправили в помойку?","Здравствуйте. Расстроены, что вам пришлось столкнуться с подобным в нашем супермаркете. Хотим запросить подробности и разобраться в ситуации. Пожалуйста, напишите нам в личные сообщения группы ВКонтакте https://vk.com/perekrestok_shop или в Одноклассниках https://ok.ru/perekrestok.shop 🙏",https://yandex.ru/maps/org/150402629053/reviews
PXR-0061,Перекрёсток,review_service,Yandex Maps,store card,150402629053,"Москва, ул. Грина, 7",0rtNVKVrAO6gOgzueTGJ846hboNXIYo,2025-10-07,A-65cc2a1825bf,1,"Общение с людьми ужасное, чуть не прописали воровство, и еще мужчина сказал мне ""слышь ты че смеёшься"" разве это нормально? Нет, а мы просто общались с друзьями","Здравствуйте. Спасибо, что рассказали об этом. Пожалуйста, напишите нам в личные сообщения группы ВКонтакте https://vk.com/perekrestok_shop или в Одноклассниках https://ok.ru/perekrestok.shop.",https://yandex.ru/maps/org/150402629053/reviews
PXR-0062,Перекрёсток,review_service,Yandex Maps,store card,115894975781,"Москва, Сходненская ул., 56",U6No4SttDghsk3a7p2GkHewR1bjSV__,2025-10-07,A-1b32cf3149b2,1,"Мне 14 лет я пошла купить чипсы а в итоге получила грубое отношение!Стояла на кассе с чипсами(произошло буквально 5 минут назад) бабушка сзади начала раскладывать свои продукты я не увидела эту разделительную штуку(которой продукты разделяют) и кассирша начала пробивать продукты той бабушки я объяснила ей что это не мое мои только чипсы на что получила грубый,почти ором ответ ""ВООБЩЕ ТО ЕСТЬ ТАКОЕ ПРИСПОСОБЛЕНИЕ!"" и со всей силы стукнула этой штукой по конвейерной ленте я чуть не заплакала так как было при всех но сдержалась и ушла И Я очень хочу что б она знала ЕСТЬ ТАКАЯ ШТУКА НЕГАТИВНЫЕ ОТЗЫВЫ!","Здравствуйте. Спасибо за отзыв. Хотели бы запросить подробности и разобраться. Пожалуйста, напишите нам в личные сообщения группы ВКонтакте https://vk.com/perekrestok_shop или в Одноклассниках https://ok.ru/perekrestok.shop 🙏",https://yandex.ru/maps/org/115894975781/reviews
PXR-0063,Перекрёсток,review_service,Yandex Maps,store card,150402629053,"Москва, ул. Грина, 7",9LOvNfAMDYThQghHXbdTDSkihmSWMM,2025-10-08,A-374b4e150e81,1,"Отвратительный магазин. Ценники не на все товары. На просьбу озвучить причину отсутствия ценников и стоимость товара продавцы хамят, хватают за руки и угрожают вызвать полицию. Короче, в результате ушла вообще без покупок и с совершенно испорченным настроением в свой день рождения. И такая ситуация уже не в первый раз.","Здравствуйте. Спасибо, что сообщили нам. Хотели бы запросить подробности и разобраться. Пожалуйста, напишите нам в личные сообщения группы ВКонтакте https://vk.com/perekrestok_shop или в Одноклассниках https://ok.ru/perekrestok.shop 🙏",https://yandex.ru/maps/org/150402629053/reviews
PXR-0064,Перекрёсток,review_service,Yandex Maps,store card,1011746989,"Санкт-Петербург, ул. Ефимова, 2",YMFlx86eu-0_YFehS5yElcnaFDZitayMR,2025-10-10,A-9d527d09ed75,1,"больше года я хожу в этот перекресток 5 дней в неделю по два а то и 3 раза в день, бы купить перекусить до и после работы и все было хорошо до сегодняшнего дня выходя с кассы самообслуживания меня останавливает новый охранник Сергей, и просит предъявить чек. чека у меня конечно нет, я его никогда не беру, нет надобности. Потом просит показать приложение банка, я говорю что у меня рядом работа, у меня с собой только карта. Мужчина очень долго льет мне в воду в уши, спрашивает ГДЕ я работаю?(какая ему вообще разница??)я прошу уже что то решить быстрее, после уже МОИХ уговоров пойти посмотреть камеры меня отвели в помещение смотреть камеры. В итоге я просто сходила посмотреть как я оплачиваю свой несчастный твикс по камерам. В итоге из за этой ситуации я опоздала на работу и не успела съесть свой твикс. Никогда не думала что мне нужно будет сразу же после оплаты ДОКАЗЫВАТЬ что я ничего не украла","Здравствуйте. Расстроены, что вам пришлось столкнуться с подобным в нашем супермаркете. Хотим запросить подробности и разобраться в ситуации. Пожалуйста, напишите нам в личные сообщения группы ВКонтакте https://vk.com/perekrestok_shop или в Одноклассниках https://ok.ru/perekrestok.shop.",https://yandex.ru/maps/org/1011746989/reviews
PXR-0065,Перекрёсток,review_service,Yandex Maps,store card,107753056573,"Москва, Можайское ш., 31, корп. 1",Oda3wF_UodSemJb7AFVaqTxmCjttUVGQ,2025-10-13,A-99a0f1a6e021,5,Хороший магазин с большим ассортиментом,"Спасибо, это важно для нас!",https://yandex.ru/maps/org/107753056573/reviews
PXR-0066,Перекрёсток,review_service,Yandex Maps,store card,1106270812,"Санкт-Петербург, Пражская ул., 48/50",W3Fma4qrWq-lF3Yx7PtniTa8_Tb6i5EN1,2025-10-13,A-6cb866dff840,4,"Очень хороший и просторный магазин, обычно все есть, однако как и во многих Перекрестках здесь тоже проблема с продукцией Зелёная линия. Может её быстро разбирают?! Приехали за творожками без добавок и Бифилайфом от зелёной линии для ребёнка, не было ни того, ни другого, пустые полки. Очень жаль (","Здравствуйте, Алесандра. Мы непрерывно работаем над расширением ассортимента, учитывая предпочтения наших клиентов. Напишите нам, пожалуйста, в личные сообщения группы ВКонтакте https://vk.com/perekrestok_shop или в Одноклассниках https://ok.ru/perekrestok.shop. Мы обязательно передадим ваше пожелание 🙌",https://yandex.ru/maps/org/1106270812/reviews
PXR-0067,Перекрёсток,review_service,Yandex Maps,store card,108942729577,"Кисловодск, просп. Победы, 6",rUWu77mox1fBSEvs8z1WnczhLY1POFvAA,2025-10-13,A-d62a54317730,5,Очень хороший всегда всё подскажут хорошие покупатели хорошо продукции хорошие всё хорошее,"Спасибо за отзыв! Рады, что вам нравится.",https://yandex.ru/maps/org/108942729577/reviews
PXR-0068,Перекрёсток,review_service,Yandex Maps,store card,241557372236,"Видное, Берёзовая ул., 8",Jt-i5Pafb-cXeKxyhvy9NGNhJxd1j0ney,2025-10-16,A-3352fd92706f,1,"Постоянно не работает скидка на терминалах, забывают менять ценники в результате на кассе сумма меняется в большую сторону, часто испорченный товар и не свежий продают, обслуживание плохое, если проблема на кассе даже не понимают что скидка не пробивается, если мол не хочешь не бери товар. После ремонта ещё интереснее, смотрю уборщица мигрантка протирает пол возле овощей и фруктов а потом этой же шваброй с пола, не промывая естественно, поднимает прямо на стык полок овощей и фруктов, ну и соответственно начинает вести грязной половой шваброй по огурцам, помидорам, фруктам. Я смотрю и меня тошнит а уборщица ещё и улыбается.","Здравствуйте. Спасибо, что рассказали об этом. Пожалуйста, напишите нам в личные сообщения группы ВКонтакте https://vk.com/perekrestok_shop или в Одноклассниках https://ok.ru/perekrestok.shop ✍️",https://yandex.ru/maps/org/241557372236/reviews
PXR-0069,Перекрёсток,review_service,Yandex Maps,store card,1016216449,"Москва, Старокачаловская ул., 1Б",20THl2mJuFF3znhUvC29PNnHPQ3hV6,2025-10-17,A-b9df477cae7d,2,"Часто стали продавать просроченный шоколад. Сегодня 17 октября 2025 ,на полках лежит просроченный товар!","Здравствуйте. Спасибо, что нашли время поделиться информацией об этой ситуации. Мы во всём разберёмся и проведём проверку.",https://yandex.ru/maps/org/1016216449/reviews
PXR-0070,Перекрёсток,review_service,Yandex Maps,store card,150402629053,"Москва, ул. Грина, 7",l9DxdrmW3sS1Y6-LFIh93bqJtw9YFP,2025-10-18,A-2067799ad3a7,1,"Ночью работает всего одна касса, строит огромная очередь из людей, а кассирша просто уходит на перев, не обслужив людей, оставляя огромную очередь просто в ожидании.","Здравствуйте, Милена. Спасибо за обратную связь! Напишите нам, пожалуйста, в личные сообщения группы Вконтакте https://vk.com/perekrestok_shop или в Одноклассниках https://ok.ru/perekrestok.shop. Уточним пару деталей и во всём разберёмся 🙌",https://yandex.ru/maps/org/150402629053/reviews
PXR-0071,Перекрёсток,review_service,Yandex Maps,store card,1106270812,"Санкт-Петербург, Пражская ул., 48/50",6SEZYXNVCg8z5wC2Yx2IBBA9FdXtljrv,2025-10-19,A-8bf3d9730e05,3,"Более бестолкового мерчендайзинга и расположения товаров я еще ни в одном магазине не видела. Карту тогда на входе выдавайте, что уж там","Здравствуйте. Спасибо за отзыв! Если у вас есть замечания или пожелания к супермаркетам торговой сети ""Перекрёсток"", пожалуйста, напишите нам в личные сообщения группы ВКонтакте https://vk.com/perekrestok_shop или в Одноклассниках https://ok.ru/perekrestok.shop.",https://yandex.ru/maps/org/1106270812/reviews
PXR-0072,Перекрёсток,review_service,Yandex Maps,store card,1033549331,"Москва, ул. Покрышкина, 5",tlHCB9x0V51XOAIEpYfmU45747VK--ri,2025-10-19,A-cbbc6f8ba7df,5,"Хороший магазин только проблема с туалетами, он один и грязный",Спасибо за приятный отзыв! Всегда рады видеть вас в нашем супермаркете.,https://yandex.ru/maps/org/1033549331/reviews
PXR-0073,Перекрёсток,review_service,Yandex Maps,store card,1033549331,"Москва, ул. Покрышкина, 5",andAQcuubOeIJzki6Dedc3GFJJkt81d,2025-10-20,A-799e25f9e377,1,"кассирша в кафе ужасно долго обслуживает, не знает что и где находится не то что в книжке со штрих кодами, но и на витрине не смогла найти пирожное!!!","Здравствуйте. Спасибо, что сообщили нам. Хотели бы запросить подробности и разобраться. Пожалуйста, напишите нам в личные сообщения группы ВКонтакте https://vk.com/perekrestok_shop или в Одноклассниках https://ok.ru/perekrestok.shop.",https://yandex.ru/maps/org/1033549331/reviews
PXR-0074,Перекрёсток,review_service,Yandex Maps,store card,107753056573,"Москва, Можайское ш., 31, корп. 1",tSFHB2WZHkEqSEmvrypgL_5i5tbXG5S3,2025-10-20,A-12081cd6e3f2,5,Всё замечательно,Спасибо за приятный отзыв! Всегда рады видеть вас в нашем супермаркете.,https://yandex.ru/maps/org/107753056573/reviews
PXR-0075,Перекрёсток,review_service,Yandex Maps,store card,107753056573,"Москва, Можайское ш., 31, корп. 1",4_gvj0dwxas4EU3Zt-Qg-l66V5sqDav,2025-10-22,A-28f29f664211,1,"Есть просрочка в продаже.неадекватные охранники магазина в виде бородатых кавказцев норовят залезть к вам в сумку,подозревая в воровстве.неприятное место.","Здравствуйте. Расстроены, что вам пришлось столкнуться с подобным в нашем супермаркете. Хотим запросить подробности и разобраться в ситуации. Пожалуйста, напишите нам в личные сообщения группы ВКонтакте https://vk.com/perekrestok_shop или в Одноклассниках https://ok.ru/perekrestok.shop.",https://yandex.ru/maps/org/107753056573/reviews
PXR-0076,Перекрёсток,review_service,Yandex Maps,store card,150402629053,"Москва, ул. Грина, 7",r7bTG4-MK0zUw-ef580GYY7zWdgjHR,2025-10-23,A-c0382e186be2,2,"Магазин отремонтировали, а людей, работающих в нем, нет. Жаль","Здравствуйте. Хотели бы запросить подробности и разобраться. Пожалуйста, напишите нам в личные сообщения группы ВКонтакте https://vk.com/perekrestok_shop или в Одноклассниках https://ok.ru/perekrestok.shop.",https://yandex.ru/maps/org/150402629053/reviews
PXR-0077,Перекрёсток,review_service,Yandex Maps,store card,1016216449,"Москва, Старокачаловская ул., 1Б",yMpzkMtiAwI6R7zODOiuWBlfnxtQO8,2025-10-23,A-dfcc7de894c6,3,"Очень дорогой магазин,просто сверх цены или как говорят космические","Здравствуйте. Множество условий определяет конечную стоимость, но мы всегда стараемся предложить клиентам самые привлекательные цены. Регулярно проводим акции и дарим скидки, чтобы сделать сотрудничество выгодным! Если у вас есть замечания или пожелания, напишите в личные сообщения группы ВКонтакте https://vk.com/perekrestok_shop или в Одноклассниках https://ok.ru/perekrestok.shop ✍️",https://yandex.ru/maps/org/1016216449/reviews
PXR-0078,Перекрёсток,review_service,Yandex Maps,store card,107753056573,"Москва, Можайское ш., 31, корп. 1",cOiO1VDh2ROYRsndhaY-dw5oQBpCNt4Iv,2025-10-24,A-d0272ecb7c4f,1,"Многие молочные товары на грани просрочки. Внимательно смотрите на даты. Холодильники открытые, поэтому режим хранения нарушен. На весь магазин один кассир. Очередь 10-15 человек минимум. На требование покупателей вызвать руководство магазина никто даже не вышел. Просто ужас по всем параметрам. А причина -не единственный кассир, а уровень руководства!","Здравствуйте. Спасибо за обратную связь! Комфорт клиентов очень важен для нас, поэтому всегда решим вопрос в режиме реального времени. В случае отсутствия продавца или кассира, а также при наличии очереди более 3 человек, пожалуйста, напишите нам в личные сообщения группы ВКонтакте https://vk.com/perekrestok_shop или в Одноклассниках https://ok.ru/perekrestok.shop.",https://yandex.ru/maps/org/107753056573/reviews
PXR-0079,Перекрёсток,review_service,Yandex Maps,store card,241557372236,"Видное, Берёзовая ул., 8",A3-UkOAGOG7xWnHsKgsw3xsgUJm0gU,2025-10-25,A-f873dd56a738,4,"Мясо не свежее ,накачанное жидкостью , теперь покупаю только на рынке, в целом особенно после ремонта супермаркет неплохой ,оборудована зона где можно посидеть покушать,попить кофе -это +","Здравствуйте. Спасибо, что оценили наши положительные стороны. Хотим запросить подробности и разобраться. Пожалуйста, напишите нам в личные сообщения группы ВКонтакте https://vk.com/perekrestok_shop или в Одноклассниках https://ok.ru/perekrestok.shop ✍️",https://yandex.ru/maps/org/241557372236/reviews
PXR-0080,Перекрёсток,review_service,Yandex Maps,store card,108942729577,"Кисловодск, просп. Победы, 6",NFOhgyUmixIc_V8baFq06eNVveIQ0G_,2025-10-26,A-ffbeb274398c,5,Перекресток как и все! Но есть ассортимент эксклюзивных товаров.,Спасибо за выбор нашей сети и такой чудесный отзыв!,https://yandex.ru/maps/org/108942729577/reviews
PXR-0081,Перекрёсток,review_service,Yandex Maps,store card,115894975781,"Москва, Сходненская ул., 56",7CgdsNn1UGD6HFV5qt-3218jjNz7uE,2025-10-27,A-2e91c6526c25,2,"27 октября 2025г. посетила магазин ""Перекресток"" в ТРЦ ""Калейдоскоп"" на Сходненской ул. дом 56, купила сыр DOLCE GR. Пармезан 40%. На ценнике он был со скидкой по цене 149 руб. На кассе с меня взяли другую сумму, превышающую ту что на ценнике. На мой вопрос кассир сказала что надо внимательнее читать информацию. Когда я принесла ценник, она показала на нем набранный мелким шрифтом текст что это цена за 100 гр. продукта. Сыр выложен внизу стеллажа, ценник почти у пола, текст точечный. Пожилым людям тяжело прочитать текст и это вводит в заблуждение относительно цены за товар, тем более что товар расфасован на предприятии изготовителя и подразумевается что цена указана за упаковку. Если вы пишете что это за 100 гр. то надо набирать текст шрифтом крупнее чтобы заострить на этом внимание покупателя. Так будет честнее.","Здравствуйте, Ольга! Спасибо, что сообщили нам. Хотим передать ваши пожелания коллегам, для этого, пожалуйста, напишите нам в личные сообщения группы ВКонтакте https://vk.com/perekrestok_shop или в Одноклассниках https://ok.ru/perekrestok.shop.",https://yandex.ru/maps/org/115894975781/reviews
PXR-0082,Перекрёсток,review_service,Yandex Maps,store card,107753056573,"Москва, Можайское ш., 31, корп. 1",TMTHws72hTDH2nK3uJbAQ1Kpi-dtxyMp,2025-10-29,A-9291a2a19f64,1,"Если хотите вместо 40 обещаных минут 1,5 часа ждать просрочку, обязательно закажите доставку из этого магазина и вам привезут товар, у которого срок годности закончился почти месяц назад. А когда вы напишите в чате претензию, вместо извинений, как в других компаниях, вы получите отписку и возможный возврат средств через 10 дней. Отзыв пишу тут, так как именно в этом магазине был собран заказ мой. На фото просроченный товар. Заказ был сделан 29 октября, а срок годности закончился 8 октября.","Здравствуйте. Сожалеем, что расстроили вас. Пожалуйста, напишите нам в личные сообщения группы ВКонтакте https://vk.com/perekrestok_shop или в Одноклассниках https://ok.ru/perekrestok.shop.",https://yandex.ru/maps/org/107753056573/reviews
PXR-0083,Перекрёсток,review_service,Yandex Maps,store card,1033549331,"Москва, ул. Покрышкина, 5",c22yc8qHtMrrdkn8vn3HqScfneqUtCe,2025-10-29,A-7b979ce81540,5,"Круглосуточно, рядом с домом, всегда есть выпечка. Днём можно поесть - есть готовая еда.","Спасибо, это важно для нас!",https://yandex.ru/maps/org/1033549331/reviews
PXR-0084,Перекрёсток,review_service,Yandex Maps,store card,107753056573,"Москва, Можайское ш., 31, корп. 1",sfzrNN2Mz2PcI0pFyrHtlx00wapTnPGA,2025-10-29,A-74945e7243b0,5,"Просторный, светлый, удобно расположенный магазин. Товаров предостаточно. И,что важно!, правильное хранение и содержание! Прекрасный мясной отдел, а разнообразие приправ к мясу,рыбе, овощам вызывает обильное слюноотделение 😁 Чисто, комфортно.","Мы рады, что вам нравится в Перекрёстке!",https://yandex.ru/maps/org/107753056573/reviews
PXR-0085,Перекрёсток,review_service,Yandex Maps,store card,1033549331,"Москва, ул. Покрышкина, 5",AJ33xBI3e78H7oOFKM6uHMUsdPa-SJ,2025-10-30,A-efef37740722,1,Сотрудница на кассе самообслуживания требует паспорт при продаже табака. Мне 46! Фото паспорта в телефоне её не устраивает-нужен оригинал)На кассе другой кассир готова продать без паспорта)-вставайте в очередь. Больше туда ни ногой),"Здравствуйте. Спасибо, что сообщили нам. Хотели бы запросить подробности и разобраться. Пожалуйста, напишите нам в личные сообщения группы ВКонтакте https://vk.com/perekrestok_shop или в Одноклассниках https://ok.ru/perekrestok.shop.",https://yandex.ru/maps/org/1033549331/reviews
PXR-0086,Перекрёсток,review_service,Yandex Maps,store card,241557372236,"Видное, Берёзовая ул., 8",Dcz16YmZURytw80g_N04kRYE55Ms2w1-S,2025-10-31,A-f5ae03b7afc1,1,"Постояннно смешанные ценники. На хлебе не верно указано название. Т. Бумага Paria стоит по одной цене, на кассе другая цена. Наведите порядок.","Здравствуйте. Хотели бы запросить подробности и разобраться. Пожалуйста, напишите нам в личные сообщения группы ВКонтакте https://vk.com/perekrestok_shop или в Одноклассниках https://ok.ru/perekrestok.shop.",https://yandex.ru/maps/org/241557372236/reviews
PXR-0087,Перекрёсток,review_service,Yandex Maps,store card,241557372236,"Видное, Берёзовая ул., 8",WxQ-udCujkERL03AvdZ4FhH6lRY_cVjw,2025-10-31,A-7effb1a58d39,5,"Реально хороший м-н Перекрёсток, продукты не заканчиваются в нем никогда, полки набиваются мгновенно , выбор продуктов и не только всегда большой , касс самообслуживания больше 10, в очереди не стоишь.","Спасибо за отзыв! Рады, что вам нравится.",https://yandex.ru/maps/org/241557372236/reviews
PXR-0088,Перекрёсток,review_service,Yandex Maps,store card,1011746989,"Санкт-Петербург, ул. Ефимова, 2",j6zfDiCWeDKM2lvnK2OypC3wEa-DeKrO,2025-10-31,A-c628209d5030,1,"персонал отвратительный, злые женщины постоянно орут, создают проблемы и тому подобное. про охранников молчу, набрали быдланов полнейших. Отвратительный магазин, но, к сожалению, альтернативы нету, приходится ходить в это ужасное место.Отмечу, что молодые работники нормальные, но более взрослое поколение, простите, но это отвратительно","Здравствуйте. Спасибо, что сообщили нам. Хотели бы запросить подробности и разобраться. Пожалуйста, напишите нам в личные сообщения группы ВКонтакте https://vk.com/perekrestok_shop или в Одноклассниках https://ok.ru/perekrestok.shop.",https://yandex.ru/maps/org/1011746989/reviews
PXR-0089,Перекрёсток,review_service,Yandex Maps,store card,150402629053,"Москва, ул. Грина, 7",Yg-ogNubpyq727hDIalX364wuzpbz0PG,2025-11-01,A-ec8a6d2cbb30,2,"Ремонт действительно удался. Но, пожалуйста, не экономьте на сотрудниках. Каждый раз, когда прихожу - за кассой единственный уставший сотрудник, огромная очередь из людей и полный хаос. Ну либо хотя бы оплачивайте несчастному единственному кассиру повышенную зп. Страдают и покупатели, и работники. Это бесчеловечно.","Здравствуйте. Спасибо за обратную связь! Комфорт клиентов очень важен для нас, поэтому всегда решим вопрос в режиме реального времени. В случае отсутствия продавца или кассира, а также при наличии очереди более 3 человек, пожалуйста, напишите нам в личные сообщения группы ВКонтакте https://vk.com/perekrestok_shop или в Одноклассниках https://ok.ru/perekrestok.shop.",https://yandex.ru/maps/org/150402629053/reviews
PXR-0090,Перекрёсток,review_service,Yandex Maps,store card,1011746989,"Санкт-Петербург, ул. Ефимова, 2",LW5cFyqwAXJP6GSIvRU47PkTb8a4UooCA,2025-11-02,A-64779068a836,1,"персонал в лице охранников психологически давили и держали в подсобке заставляя оплатить товар на 1,5к рублей, ссылаясь на непробитую котлету за 100руб🤦‍♂️ после нескольких попыток запугивания вызовом полиции , унесли купленный товар и эту несчастную котлету, вскрыли и поменяли упаковку, что внутри - одному богу известно. Охрана всяческими способами пытается реализовать просроченную продукцию и ворованный товар через мелких *** РЕГУЛЯРНО, в чем сами честно признались. Прошу принять меры в отношении данных сотрудников, был в магазине в районе 16ти часов 2 ноября, товар упакован от 16:18 02.11","Здравствуйте. Спасибо за отзыв. Хотели бы запросить подробности и разобраться. Пожалуйста, напишите нам в личные сообщения группы ВКонтакте https://vk.com/perekrestok_shop или в Одноклассниках https://ok.ru/perekrestok.shop.",https://yandex.ru/maps/org/1011746989/reviews
PXR-0091,Перекрёсток,review_service,Yandex Maps,store card,1011746989,"Санкт-Петербург, ул. Ефимова, 2",fbH5MEVmaBCw4A5M8XHkpNZg3zHtCRhA,2025-11-02,A-1f23b5c4648c,4,"Критически не хватает людей в отделе рыбы, мяса, колбас и сыра. Фактически там всего один человек. Время ожидания превышает допустимое. Уважаемые эффективные менеджеры - наймите людей","Здравствуйте. Спасибо, что сообщили нам. Хотели бы запросить подробности и разобраться. Пожалуйста, напишите нам в личные сообщения группы ВКонтакте https://vk.com/perekrestok_shop или в Одноклассниках https://ok.ru/perekrestok.shop.",https://yandex.ru/maps/org/1011746989/reviews
PXR-0092,Перекрёсток,review_service,Yandex Maps,store card,150402629053,"Москва, ул. Грина, 7",oy93Eo3jMzckDrhH1iOKEeRQjsSpxV0Gk,2025-11-02,A-54dce45f484a,4,"После ""реновации"" магазин испортился. Раньше можно было там реально купить продукты хорошего качества и по нормальной цене. Продукты - это мясо, рыба, птица - то, из чего еду готовят. А теперь половина магазина отдана под кафе, готовую еду, пекарню и алкашку. Выбор нормальных продуктов для готовки сократился до минимума. А жаль, - других магазинов в шаговой доступности нет. Сделали магазин для зумеров, да и они не особо в него ходят)))","Здравствуйте. Спасибо за отзыв. Если у вас есть замечания или пожелания к супермаркетам торговой сети ""Перекрёсток"", пожалуйста, напишите нам в личные сообщения группы ВКонтакте https://vk.com/perekrestok_shop или в Одноклассниках https://ok.ru/perekrestok.shop.",https://yandex.ru/maps/org/150402629053/reviews
PXR-0093,Перекрёсток,review_service,Yandex Maps,store card,1011746989,"Санкт-Петербург, ул. Ефимова, 2",Gl0ma6ngtYnZh5iQM-A373-099pj2Jii,2025-11-03,A-c21889a27fe6,1,"Весьма печально наблюдать как некогда замечательный магазин ""Перекресток"" на Сенной пл в ТЦ Пик, скатился до уровня вонючего рынка с сотрудниками - люмпенами ( т. е. *** - гопота). Больше 12 лет я делала покупки в этом магазине и становится все время хуже. Сегодня 3.11. 2025 в 22.35 произошел неприятный случай в зоне самообслуживания. Мы с моей пожилой мамой сделали покупки, я вышла на скамейку уложить по сумкам продукты, нам не хватило пакетов и мама вернулась пробить ещё один пакет. Мама попросила вашу сотрудницу зоны самообслуживания, помочь ей пробить пакет - женщина среднего возраста, лет 40 , светлые волосы до плеч с розовыми прядями по бокам. Сотрудница недовольно рявкнула что она одна здесь. Мама сказала ну вы же просто стоите , а она действительно просто стояла , сотрудница начала агрессировать и орать "" иди отсюда"". Это пожилому человеку 74 лет, который попросил помочь т к не умеет пользоваться кассой самообслуживания. Охранник с зоны самообслуживания молча стоял рядом и смотрел. Я так понимаю, уже не за горами то время, когда ваши сотрудники будут при исполнении их должностных обязанностей матом крыть и слать маршрутом в сторону половых органов?!! Примите меры , это мерзко и противно. Время, день и действующие лица я озвучила выше. И решите наконец, проблемы с вонью фекалиями в зоне фруктов и овощей - вы продаете продукты!!! Вонь канализации отбивает всякое желание и аппетит. Даже ваши охранники стоят с закрытми носами и натянутыми до глаз воротниками т к дышать невозможно.","Здравствуйте. Спасибо, что сообщили нам. Хотели бы запросить подробности и разобраться. Пожалуйста, напишите нам в личные сообщения группы ВКонтакте https://vk.com/perekrestok_shop или в Одноклассниках https://ok.ru/perekrestok.shop.",https://yandex.ru/maps/org/1011746989/reviews
PXR-0094,Перекрёсток,review_service,Yandex Maps,store card,108942729577,"Кисловодск, просп. Победы, 6",0IURI1hXAYRkM_HNBeoVNIew-adHhZm,2025-11-05,A-88772ee3cda3,5,"Сам магазин и все остальные магазины в торговом центре - -образцово-показательные, чистота , порядок, выкладки товара - всё прекрасно и всё есть, да, и в перекрестке ещё очень большой выбор алкоголя. Бесплатная стоянка 2 часа.","Спасибо за отзыв! Рады, что вам нравится.",https://yandex.ru/maps/org/108942729577/reviews
PXR-0095,Перекрёсток,review_service,Yandex Maps,store card,150402629053,"Москва, ул. Грина, 7",xkFDEU5Qeopaj6oc0CnkvwC2j3s20tBy,2025-11-05,A-8a364a0df417,1,"Я студентка и практически никогда не успеваю приготовить себе завтрак, и единственная моя надежда это взять что-то из перекрестка. Горячее, и быстро. В 7 утра ещё не готова выпечка, и дай бог чтобы ещё осталась вчерашняя, ведь было и так, что старую убрали, а новая просто греется в печке - никто ее не кладет. Ещё одной надеждой была пицца. Кажется, свежая, недавно испеченная. НО За прилавком пиццы стоит женщина, которая вообще не знает русский язык. Я попросила её однажды положить мне два кусочка, сказала, что опаздываю. На что мне эта женщина что-то сказала, но ни единого слова не ясно. В тот день я ушла голодная и злая, но опустила всю ситуацию. Сегодня это произошло опять. Женщина мало того, что отказалась выдавать пиццу, так ещё и с золотой улыбкой и надменным тоном начала говорить мне что-то на своем языке! Сомневаюсь, что она говорила что-то хорошее. В её глазах прямо таки виделась неприязнь. И дальше начала говорить что-то про своего сына. Зачем он нужен, я так и не поняла. В чем проблема отдать пиццу без её сынишки? Мне не нужна ни упаковка, ни пакет. Я согласна просто голую пиццу взять в руки, оплатить и убежать. У меня нет времени на эти разборки!! Похоже за этим прилавком весь их притон работает. Зачем!? Где уважение к покупателям? Почему работает сотрудник не владеющий русским языком? Пусть лучше отправляются на базар, с таким отношением.","Здравствуйте. Спасибо, что сообщили нам. Хотели бы запросить подробности и разобраться. Пожалуйста, напишите нам в личные сообщения группы ВКонтакте https://vk.com/perekrestok_shop или в Одноклассниках https://ok.ru/perekrestok.shop.",https://yandex.ru/maps/org/150402629053/reviews
PXR-0096,Перекрёсток,review_service,Yandex Maps,store card,1106270812,"Санкт-Петербург, Пражская ул., 48/50",L11e18WkoMcLIVP_VELraN8SL-lS0BVsT,2025-11-06,A-5871886c9be1,3,"Верните в ассортимент черничный морс и сендвичи из минибагета! Высокие цены плохая фасовка фруктов они недозрелые настолько что держат так на прилавках пока про них уже не забывают и это не работники, а именно руководство ибо это же постоянная практика так уже много лет, потом их начинают смешивать, например, мандарины каждый сезон так делают зачем непонятно как будто покупатели совсем слепые. Аудиореклама гоняется вообще без пауз оч сильно раздражает под динамиками невозможно задерживаться. И в целом не нравится руководство всё что меняется это расположение прилавков периодически, даже ремонт не помог как было посредственное отношение к сервису самого магазина так и осталось. Пекарня хуже чем в пяторочке в любой, короче меняться и меняться и в первую очередь в менджменете и руководстве не знаю меняются ли там вообще по ощущениям уже десятилетиями сколько живу и пользуюсь – нет","Здравствуйте. Спасибо за обратную связь! По ассортименту, пожалуйста, напишите нам в личные сообщения группы ВКонтакте https://vk.com/perekrestok_shop или в Одноклассниках https://ok.ru/perekrestok.shop.",https://yandex.ru/maps/org/1106270812/reviews
PXR-0097,Перекрёсток,review_service,Yandex Maps,store card,150402629053,"Москва, ул. Грина, 7",XA1dlwmGdef2MrZo02i1bLifslhhc-f,2025-11-06,A-aba94ad73d41,5,Хороший перекресток. Много касс самообслуживания и свежие продукты.,Спасибо за приятный отзыв! Всегда рады видеть вас в нашем супермаркете.,https://yandex.ru/maps/org/150402629053/reviews
PXR-0098,Перекрёсток,review_service,Yandex Maps,store card,1016216449,"Москва, Старокачаловская ул., 1Б",yl06PA9PAnSlS4RvvtxvuQPJD4Lu928gB,2025-11-07,A-79696158abac,2,"Работает одна касса, огромная очередь, ценники не соответствуют… Магазин крайне испортился.","Здравствуйте. Расстроены, что вам пришлось столкнуться с подобным в нашем супермаркете. Хотим запросить подробности и разобраться в ситуации. Пожалуйста, напишите нам в личные сообщения группы ВКонтакте https://vk.com/perekrestok_shop или в Одноклассниках https://ok.ru/perekrestok.shop.",https://yandex.ru/maps/org/1016216449/reviews
PXR-0099,Перекрёсток,review_service,Yandex Maps,store card,1033549331,"Москва, ул. Покрышкина, 5",6iXNc9DZaMLBJazW-sfAF0H65MyL9e,2025-11-08,A-4e7b275779db,3,"Сам перекресток очень хороший, всю жизнь живу на этом районе и хожу. Но этот хамский сотрудник Лариса Отова - это просто кошмар. Хамит, грубит, кричит. Пожалуйста, сделайте с этим что нибудь. Не держите сотрудников, которые не хотят работать. Инцидент произошел 09.11.25. Время 00:54. Посмотрите камеры, это кошмар","Здравствуйте. Расстроены, что вам пришлось столкнуться с подобным в нашем супермаркете. Хотим запросить подробности и разобраться в ситуации. Пожалуйста, напишите нам в личные сообщения группы ВКонтакте https://vk.com/perekrestok_shop или в Одноклассниках https://ok.ru/perekrestok.shop.",https://yandex.ru/maps/org/1033549331/reviews
PXR-0100,Перекрёсток,review_service,Yandex Maps,store card,107753056573,"Москва, Можайское ш., 31, корп. 1",UyedOCAIs5BOPTZC5xaMd9xjlGJYPPNUc,2025-11-08,A-a880d5ece9c0,1,"Продают просроченный шоколад. Срок годности до октября, а уже ноябрь.","Здравствуйте. Расстроены, что вам пришлось столкнуться с подобным в нашем супермаркете. Хотим запросить подробности и разобраться в ситуации. Пожалуйста, напишите нам в личные сообщения группы ВКонтакте https://vk.com/perekrestok_shop или в Одноклассниках https://ok.ru/perekrestok.shop.",https://yandex.ru/maps/org/107753056573/reviews
PXR-0101,Перекрёсток,review_service,Yandex Maps,store card,241557372236,"Видное, Берёзовая ул., 8",HexsLeEvhiQ6H9ckQqT3j5vr__MFyLVG,2025-11-09,A-fcc74e2d93b8,1,"Пришла отправлять посылку на кассе через 5post, на кассе сказали, что они не отправляют, идите в ближайшую Пятёрочку, специально туда шла, везде написано, что отправка возможна, но кассиры видимо не хотят этим заниматься.","Здравствуйте. По вопросам сервиса 5Post, пожалуйста, обратитесь по номеру телефона - [PHONE] ✍️",https://yandex.ru/maps/org/241557372236/reviews
PXR-0102,Перекрёсток,review_service,Yandex Maps,store card,1011746989,"Санкт-Петербург, ул. Ефимова, 2",q4QtEkYjwjGFyAPus9DFLPxUiSiRvN3e,2025-11-09,A-d433cb46aa62,1,"В час пик работает один кассир!!! И она ушла в поисках посылки , это как?! Не всем удобно пользоваться кассами самообслуживания.","Здравствуйте. Спасибо за обратную связь! Комфорт клиентов очень важен для нас, поэтому всегда решим вопрос в режиме реального времени. В случае отсутствия продавца или кассира, а также при наличии очереди более 3 человек, пожалуйста, напишите нам в личные сообщения группы ВКонтакте https://vk.com/perekrestok_shop или в Одноклассниках https://ok.ru/perekrestok.shop.",https://yandex.ru/maps/org/1011746989/reviews
PXR-0103,Перекрёсток,review_service,Yandex Maps,store card,1033549331,"Москва, ул. Покрышкина, 5",gy_Ypzg7VgIEZCNHTUvtVFH0nid-kfY,2025-11-10,A-6bb418fc3c49,5,"Это один из, крупных перекрёстков в этом районе, всегда всё свежее доступно, много мест много товаров разнообразных и большой ассортимент много работников в зале всегда подскажут покажут, касс самообслуживания много и кассиры всегда на месте, и да собственная свежее выпечка кофе и много другое 24/7 всегда приятно заходить и скидки по карте цены приемлемы всем мира ✊️",Спасибо за обратную связь!,https://yandex.ru/maps/org/1033549331/reviews
PXR-0104,Перекрёсток,review_service,Yandex Maps,store card,1016216449,"Москва, Старокачаловская ул., 1Б",wtoTupCRXX13ToWThM_Bau_9dds5_do,2025-11-10,A-b090c07f157c,1,Добрый вечер Мне не понравилось персонал так как не могли проконсультировать на алкоголь Сотрудника звали Алла Пройдите с ней заново беседу!,"Здравствуйте. Спасибо, что сообщили нам. Хотели бы запросить подробности и разобраться. Пожалуйста, напишите нам в личные сообщения группы ВКонтакте https://vk.com/perekrestok_shop или в Одноклассниках https://ok.ru/perekrestok.shop.",https://yandex.ru/maps/org/1016216449/reviews
PXR-0105,Перекрёсток,review_service,Yandex Maps,store card,1011746989,"Санкт-Петербург, ул. Ефимова, 2",wv2iUo5N9XwCvGAdAMFuqTXCbTL-trfB2,2025-11-10,A-e96b001c94db,1,"10.11, ~14:00 Женщина на кассе не в курсе как выдавать доставку Яндекса службой 5post, проведите доп инструктаж пожалуйста, в т.ч. за неуместные фразочки ""быстрее дома будет"".","Здравствуйте. По вопросам сервиса 5Post, пожалуйста, обратитесь по номеру телефона - [PHONE]",https://yandex.ru/maps/org/1011746989/reviews
PXR-0106,Перекрёсток,review_service,Yandex Maps,store card,1011746989,"Санкт-Петербург, ул. Ефимова, 2",Gqeze4a2FlCOqJbakNx4Z6MRj_0XzT1eg,2025-11-11,A-f38666e25cd4,4,"Большой, просторный, но какой-то немного загромажденный выход, помню какие-то коробки на кассах самообслуживания, не очень располагает, а в остальном все окей.","Здравствуйте. Спасибо за отзыв. Если у вас есть замечания или пожелания к супермаркетам торговой сети ""Перекрёсток"", пожалуйста, напишите нам в личные сообщения группы ВКонтакте https://vk.com/perekrestok_shop или в Одноклассниках https://ok.ru/perekrestok.shop.",https://yandex.ru/maps/org/1011746989/reviews
PXR-0107,Перекрёсток,review_service,Yandex Maps,store card,108942729577,"Кисловодск, просп. Победы, 6",Qx1dGsUpZqG1--n9NAvf_As6nAzeQs,2025-11-12,A-edc2feb47fab,3,Не понравилось в тот момент когда мы были стоял не приятный запах в овощном и в рыбном отделе как будто что то пропало . Колбасу попросили порезать ее даже не почистили .,"Здравствуйте. Расстроены, что вам пришлось столкнуться с подобным в нашем супермаркете. Хотим запросить подробности и разобраться в ситуации. Пожалуйста, напишите нам в личные сообщения группы ВКонтакте https://vk.com/perekrestok_shop или в Одноклассниках https://ok.ru/perekrestok.shop.",https://yandex.ru/maps/org/108942729577/reviews
PXR-0108,Перекрёсток,review_service,Yandex Maps,store card,150402629053,"Москва, ул. Грина, 7",qKi-XYzgtc-o_xDGYw3YzDdx-Hinkiukb,2025-11-12,A-b85828833f35,2,"Итак, снова измененный отзыв: вдобавок ко всему - просроченная молочка. Сегодня 12.11, творожок с плесенью при сроке до 23.11 🫠 Друзья, ну это снова какая-то шляпа. Вроде красиво все, но как все не продуманно и не практично. Проходы узкие настолько, что 2 коляски не проедут. Каждый поход в магазин наблюдаем, как люди сталкиваются, агрессируют. В маленьком перекрестке отнимать такую большую зону под готовую еду… Совершенно не продумано движение посетителей в магазине. Продукты странно раскиданы, что-то приходится долго искать и возвращаться. Приведите уже магазин в порядок. Посмотрите по камерам, как двигаются посетители, где заторы. В узком до невозможности проходе посетитель должен проехать, кому-то нужно взять продукты и тут же персонал пытается что-то разложить на полках, это ужас! А еще, невероятно удивляет количество средств личной гигиены (их практически нет). Сейчас хоть немного больше стало, а то стояло вообще 4 банки по 800р. Ставлю 2, чтобы руководство обратило внимание.","Здравствуйте. Спасибо, что сообщили нам. Хотели бы запросить подробности и разобраться. Пожалуйста, напишите нам в личные сообщения группы ВКонтакте https://vk.com/perekrestok_shop или в Одноклассниках https://ok.ru/perekrestok.shop.",https://yandex.ru/maps/org/150402629053/reviews
PXR-0109,Перекрёсток,review_service,Yandex Maps,store card,150402629053,"Москва, ул. Грина, 7",nUmOxmUHPj00jzIP4gyDSDeGHW1wozJ,2025-11-13,A-4f413a858141,5,"Вкусный кофе, всегда свежие полуфабрикаты, вежливый и внимательный персонал. Спасибо за обслуживание.",Спасибо за приятный отзыв! Всегда рады видеть вас в нашем супермаркете.,https://yandex.ru/maps/org/150402629053/reviews
PXR-0110,Перекрёсток,review_service,Yandex Maps,store card,150402629053,"Москва, ул. Грина, 7",zAD6T88Yy_GMLnlk3nui-MjvKHb0Iag,2025-11-13,A-3664904cb375,1,"Отвратительный персонал, мало того что при взвешивание рыбы указала не тот товар, та ещё на вопрос почему так делают ответила что незнает что это за рыба, поэтому взвесилась что нибудь","Здравствуйте. Спасибо, что сообщили нам. Хотели бы запросить подробности и разобраться. Пожалуйста, напишите нам в личные сообщения группы ВКонтакте https://vk.com/perekrestok_shop или в Одноклассниках https://ok.ru/perekrestok.shop.",https://yandex.ru/maps/org/150402629053/reviews
PXR-0111,Перекрёсток,review_service,Yandex Maps,store card,115894975781,"Москва, Сходненская ул., 56",2hYVd41pd5RqmRqcnqSr48ulMNf5dmsS,2025-11-14,A-ded1cf790fa0,1,"В данном магазине 14.11.2025. Работник в отделе приготовления пиццы, отвлёкся - таки от своего телефона ( предмет явно не стиральный) и упоковал порционо пиццу, не надев перчатки,заявив, что он её не трогает, однако такое оправдание не отменяет элементарных санитарный норм, не говоря уже о вежлевом отношение, что заставляет отказаться в дальнейшем от приобретения данных продуктов, а жаль","Здравствуйте. Спасибо, что сообщили нам. Хотели бы запросить подробности и разобраться. Пожалуйста, напишите нам в личные сообщения группы ВКонтакте https://vk.com/perekrestok_shop или в Одноклассниках https://ok.ru/perekrestok.shop.",https://yandex.ru/maps/org/115894975781/reviews
PXR-0112,Перекрёсток,review_service,Yandex Maps,store card,108942729577,"Кисловодск, просп. Победы, 6",SrmIhO5K_RdTSgFxZ3wa62vTu9ClrT,2025-11-14,A-a1b5ad4f1608,5,Большой ассортимент. Хорошее качество товаров. Вежливый персонал. Порадовало наличие касс самообслуживания. Чистота в торговом зале.,"Мы рады, что вам нравится в Перекрёстке!",https://yandex.ru/maps/org/108942729577/reviews
PXR-0113,Перекрёсток,review_service,Yandex Maps,store card,1011746989,"Санкт-Петербург, ул. Ефимова, 2",e_xgS7oZmtbVF5Yghydb4YUnUujrIea,2025-11-14,A-093843501544,5,"Хорошее место. Не смотря на невежливый персонал. Можно посидеть,покушать,зарядить телефон. Есть кассы самообслуживания. Очереди особо нет. Большой ассортимент товаров.","Мы рады, что вам нравится в Перекрёстке!",https://yandex.ru/maps/org/1011746989/reviews
PXR-0114,Перекрёсток,review_service,Yandex Maps,store card,1346437790,"Москва, Сормовская ул., 6",jK7yQxtSU8a27pIAWZn7TKuROgdM7ruN,2025-11-14,A-48afb63ea58a,4,Хороший магазин. Можно купить все самое необходимое. Есть отдел с вы печкой.,"Здравствуйте, Виталий! Спасибо, что оценили наши положительные стороны. Всегда рады видеть вас 💚 Удачных покупок!",https://yandex.ru/maps/org/1346437790/reviews
PXR-0115,Перекрёсток,review_service,Yandex Maps,store card,1011746989,"Санкт-Петербург, ул. Ефимова, 2",dwtsp03jFq57mlF3hra_53gvrBq4Uuof7,2025-11-15,A-b606ce7dfec1,1,Все злые на кассах к сожалению.,"Здравствуйте. Огорчены, что у вас сложилось такое впечатление о нашем супермаркете. Для проверки нам нужно уточнить некоторые детали. Напишите нам, пожалуйста, в личные сообщения группы ВКонтакте https://vk.com/perekrestok_shop или в Одноклассниках https://ok.ru/perekrestok.shop ✍️ Обязательно разберёмся.",https://yandex.ru/maps/org/1011746989/reviews
PXR-0116,Перекрёсток,review_service,Yandex Maps,store card,1033549331,"Москва, ул. Покрышкина, 5",gaVuHH6vUkO5vFNTNucRCFZL0FCTY9j5,2025-11-15,A-ffa28fb08d5e,1,"Пришел в магазин во время «пересменки», прождал минут 20. На вопросы персоналу когда она завершится - в ответ агрессия и банальное «не знаем, ждите»","Здравствуйте, Константин. Нам крайне важно сохранить высокое качество обслуживания, поэтому мы огорчены, что вы столкнулись с подобным в нашем супермаркете. Хотим разобраться и провести проверку. Напишите нам, пожалуйста, в личные сообщения группы ВКонтакте https://vk.com/perekrestok_shop или в Одноклассниках https://ok.ru/perekrestok.shop ✍️",https://yandex.ru/maps/org/1033549331/reviews
PXR-0117,Перекрёсток,review_service,Yandex Maps,store card,1346437790,"Москва, Сормовская ул., 6",pGGcrWVWy_bKmlFo6YBl89ihRSwv5gOEl,2025-11-15,A-2d2dac97650e,3,"Ужасную иллюминацию сделали где кассы самообслуживания,режит глаза,голова разболелась,конечно красиво никто не спорит,но находиться с таким освещением невозможно хочется все бросить и сбежать,как там бедные люди работают с таким светом ,зеленый свет должен успокаивать,а получается наоборот,сам магазин не плохой,много товаров,скидки,но со светом нужно что-то делать (","Здравствуйте. Готовы к диалогу в любое время — ваш голос важен для нас! Хотим уточним детали, чтобы быстрее всё выяснить. Пожалуйста, напишите нам в личные сообщения группы ВКонтакте https://vk.com/perekrestok_shop или в Одноклассниках https://ok.ru/perekrestok.shop ✍️",https://yandex.ru/maps/org/1346437790/reviews
PXR-0118,Перекрёсток,review_service,Yandex Maps,store card,1033549331,"Москва, ул. Покрышкина, 5",UmOIwsilrF--0dlE1PRwnGqQoO45Lt,2025-11-16,A-fa12fb7c0c81,1,"Пришел на кассу самообслуживания, пробил все товары, но пакет, который стоял ниже кассы пробился своим штрихкодом 4 раза- классическая проблема перекрёстка, решил отменить 3 пакета и тут же подходит охранрик с рацией и начинает проверять товары, якобы я мясо не пробил. Мы постоянные клинты, украсть это не про нас. Настолько дикое отношение, что решили найти другой маназин для постоянных покупок. Извиниться за происходящее? Это не про персонал","Здравствуйте. Спасибо, что сообщили нам. Хотели бы запросить подробности и разобраться. Пожалуйста, напишите нам в личные сообщения группы ВКонтакте https://vk.com/perekrestok_shop или в Одноклассниках https://ok.ru/perekrestok.shop.",https://yandex.ru/maps/org/1033549331/reviews
PXR-0119,Перекрёсток,review_service,Yandex Maps,store card,108942729577,"Кисловодск, просп. Победы, 6",dQx89YIuQBSwVs4b2Ye96A3O3_xUOJNZz,2025-11-16,A-cce506594f39,5,Отличный ассортимент свежих продуктов. Персонал вежливый и быстро помогает сориентироваться как по полкам так и по самому товару. Кассиры работают быстро и очень добродушные ) всегда приятно приходить в такой магазин за покупками,Вы делаете нас лучше!,https://yandex.ru/maps/org/108942729577/reviews
PXR-0120,Перекрёсток,review_service,Yandex Maps,store card,1033549331,"Москва, ул. Покрышкина, 5",2ondD7pLknLN_qLvBlTF7fXUD-4aYT,2025-11-18,A-763ee54cd05b,1,"Тараканы бегают прям по товару В магазине бардак, в готовой еде черт ногу сломит","Здравствуйте. Спасибо за обратную связь! Мы хотим провести проверку. Напишите нам, пожалуйста, в личные сообщения группы ВКонтакте https://vk.com/perekrestok_shop или в Одноклассниках https://ok.ru/perekrestok.shop. Обязательно во всём разберёмся 🙌",https://yandex.ru/maps/org/1033549331/reviews
PXR-0121,Перекрёсток,review_service,Yandex Maps,store card,107753056573,"Москва, Можайское ш., 31, корп. 1",j36lJP2xg55DxqMyg1I8RJsaWF2JC7J7,2025-11-18,A-4b4331e45007,1,"Отвратительный магазин! Просрочка, тележек свободных нет никогда, они всегда стоят забитые товаром в самом магазине (смотрите фото). Касса работает всегда одна, ценники перепутаны, крысы, гуляющие по пакетам с молоком! Ужас! Когда руководство сети обратит внимание на этот конкретный магазин?","Здравствуйте. Расстроены, что вам пришлось столкнуться с подобным в нашем супермаркете. Хотим запросить подробности и разобраться в ситуации. Пожалуйста, напишите нам в личные сообщения группы ВКонтакте https://vk.com/perekrestok_shop или в Одноклассниках https://ok.ru/perekrestok.shop.",https://yandex.ru/maps/org/107753056573/reviews
PXR-0122,Перекрёсток,review_service,Yandex Maps,store card,1106270812,"Санкт-Петербург, Пражская ул., 48/50",kYaZiuv8FdaH_v5Y-Nsjrqx7k_u1vnY,2025-11-19,A-06fd8d6c833e,1,"Булочек утром никогда нет. Раньше были с 8, потом к 9, сейчас и в 9.20 большей части нету. Хотя актуальненько утром к кофе, но нет:(","Здравствуйте. Спасибо, что рассказали нам об этом. Хотели бы уточнить детали и разобраться. Пожалуйста, напишите нам в личные сообщения группы ВКонтакте https://vk.com/perekrestok_shop или в Одноклассниках https://ok.ru/perekrestok.shop ✍️",https://yandex.ru/maps/org/1106270812/reviews
PXR-0123,Перекрёсток,review_service,Yandex Maps,store card,108942729577,"Кисловодск, просп. Победы, 6",6MJjv9S_hS4jozrcpOhed0WVAwbzpa7,2025-11-20,A-5941847dd6bf,4,"Очень хороший выбор, только дороговато","Здравствуйте. Спасибо за обратную связь! На стоимость влияет множество факторов, но мы всегда стараемся подготовить для своих клиентов самые выгодные предложения, проводим регулярные промоакции и предоставляем скидки😊 Подробнее тут: https://www.perekrestok.ru/cat/d Если у вас есть замечания или пожелания, пожалуйста, напишите нам в личные сообщения группы ВКонтакте https://vk.com/perekrestok_shop или в Одноклассниках https://ok.ru/perekrestok.shop.",https://yandex.ru/maps/org/108942729577/reviews
PXR-0124,Перекрёсток,review_service,Yandex Maps,store card,241557372236,"Видное, Берёзовая ул., 8",6W8PCZGy6sE4ogNSpgHvbYcAc5Euuy_Ro,2025-11-20,A-a1a2f28e009c,5,"После ремонта это самый красивый Перекрёсток, в котором я когда-либо был :)",Спасибо за приятный отзыв! Всегда рады видеть вас в нашем супермаркете.,https://yandex.ru/maps/org/241557372236/reviews
PXR-0125,Перекрёсток,review_service,Yandex Maps,store card,107753056573,"Москва, Можайское ш., 31, корп. 1",7N3EP5hkYo-Xx0oqpeAPKC0wOGUHS2,2025-11-20,A-cc7c4cc942b4,1,"этот перекресток самый ужасный, хуже нельзя придумать… терминалы для самостоятельного обслуживания постоянно глючат, зависают, карту покупателя не считывают, хотя они НОВЫЕ! еще и отвратительная вонь неужели это так сложно помыть магазин, дышать невозможно просто. не рекомендую туда ходить, никому, пожалейте свои нервы и свой нос!","Здравствуйте. Расстроены, что вам пришлось столкнуться с подобным в нашем супермаркете. Хотим запросить подробности и разобраться в ситуации. Пожалуйста, напишите нам в личные сообщения группы ВКонтакте https://vk.com/perekrestok_shop или в Одноклассниках https://ok.ru/perekrestok.shop.",https://yandex.ru/maps/org/107753056573/reviews
PXR-0126,Перекрёсток,review_service,Yandex Maps,store card,241557372236,"Видное, Берёзовая ул., 8",D5VmBDdTskRh1GZJGQcl8gvoW0VeLwA,2025-11-20,A-3160664f76a3,5,"После ремонта еще лучше стал, отличный магазин, все всегда свежее, вкусное, цены приемлемые. Выбор продуктов огромный.",Спасибо за отзыв и высокую оценку! Для нас это важно.,https://yandex.ru/maps/org/241557372236/reviews
PXR-0127,Перекрёсток,review_service,Yandex Maps,store card,241557372236,"Видное, Берёзовая ул., 8",xc54mo6CADIKLLYVe3e56icnp995J56AQ,2025-11-20,A-13aa96dbd407,5,"О да!!! Такого ассортимента мало в каком перекрёстке встретишь. Большой, опрятный магазин, однозначно рекомендую к посещению",Ждём вас в наших супермаркетах!,https://yandex.ru/maps/org/241557372236/reviews
PXR-0128,Перекрёсток,review_service,Yandex Maps,store card,1011746989,"Санкт-Петербург, ул. Ефимова, 2",y0xMFnadHegKZeRko6F_SCY9wUg9W9,2025-11-20,A-af96806f3646,2,"Сегодня в районе 18:30 работала одна живая касса и собралась большая очередь. Мужчина на кассе работал один, я много раз слышала звонок для других кассиров, но никто не пришел. Неужели непонятно, что в это время в магазине будет много людей?.. Это очень непрофессионально со стороны остальных кассиров.","Здравствуйте. Спасибо за обратную связь! Комфорт клиентов очень важен для нас, поэтому всегда решим вопрос в режиме реального времени. В случае отсутствия продавца или кассира, а также при наличии очереди более 3 человек, пожалуйста, напишите нам в личные сообщения группы ВКонтакте https://vk.com/perekrestok_shop или в Одноклассниках https://ok.ru/perekrestok.shop.",https://yandex.ru/maps/org/1011746989/reviews
PXR-0129,Перекрёсток,review_service,Yandex Maps,store card,150402629053,"Москва, ул. Грина, 7",1l6X7aRWRg1pkL3O6g2kM5q6m1rPANEb,2025-11-21,A-9943bfe86e76,3,"Все хорошо, но если кофейный аппарат ломается и 2 дня его не могут починить- было бы логично открыть круглосуточный кофетерий","Здравствуйте. Хотели бы запросить подробности и разобраться. Пожалуйста, напишите нам в личные сообщения группы ВКонтакте https://vk.com/perekrestok_shop или в Одноклассниках https://ok.ru/perekrestok.shop.",https://yandex.ru/maps/org/150402629053/reviews
PXR-0130,Перекрёсток,review_service,Yandex Maps,store card,1011746989,"Санкт-Петербург, ул. Ефимова, 2",LpRvDDedsd5k3T2n73dcXR-DCZ_fjFHF,2025-11-21,A-1cb88121a727,4,"Грязно, как и во всех магазинах на садовой, но зато 24 часа, иногда очень выручает","Здравствуйте. Расстроены, что вам пришлось столкнуться с подобным в нашем супермаркете. Хотим запросить подробности и разобраться в ситуации. Пожалуйста, напишите нам в личные сообщения группы ВКонтакте https://vk.com/perekrestok_shop или в Одноклассниках https://ok.ru/perekrestok.shop.",https://yandex.ru/maps/org/1011746989/reviews
PXR-0131,Перекрёсток,review_service,Yandex Maps,store card,1011746989,"Санкт-Петербург, ул. Ефимова, 2",7Y1y6GehqU_B80ITJNaWdnVryBn_Zhf,2025-11-22,A-dc57a0d98fd5,1,"Самый ужасный магазин в этой сети(( товар в зале , на кассе или его не находится или не та цена. Если раньше можно было принести бумажный ценник и товар кассир пробивал , то новые электронные не оторвать ((","Здравствуйте. Хотели бы запросить подробности и разобраться. Пожалуйста, напишите нам в личные сообщения группы ВКонтакте https://vk.com/perekrestok_shop или в Одноклассниках https://ok.ru/perekrestok.shop.",https://yandex.ru/maps/org/1011746989/reviews
PXR-0132,Перекрёсток,review_service,Yandex Maps,store card,107753056573,"Москва, Можайское ш., 31, корп. 1",LHBMMrcUGmVwFkGsJyH1-NHgrnHIZra,2025-11-22,A-494d3fb0bd9d,2,"Не понимаю почему этот магазин еще работает... Хлеб продают 3х дневной давности. Ценники не соответствуют реальной цене. В отделе сыр всегда *** с ценой! В конфетах на развес ***! Купила ""живинки с арбузом"", половину пришлось выкинуть. Смешали разные партии просроченные и свежие. В отделе конфеты/шоколад перемешаны все ценники, иногда просто отсутствуют. Приходиться бегать к аппарату и самому узнавать цену. После оплаты увидела несоответствие цене на колбасную нарезку: цена 129, в чеке 245! Кассир, конечно, исправила, но с оговоркой, ""а что вы не видели цену когда пробивали"". Кассир на кассах самообслуживания постоянно где-то гуляет, приходиться вызывать и ждать, когда она с недовольным лицом дойдет.","Здравствуйте. Расстроены, что вам пришлось столкнуться с подобным в нашем супермаркете. Хотим запросить подробности и разобраться в ситуации. Пожалуйста, напишите нам в личные сообщения группы ВКонтакте https://vk.com/perekrestok_shop или в Одноклассниках https://ok.ru/perekrestok.shop.",https://yandex.ru/maps/org/107753056573/reviews
PXR-0133,Перекрёсток,review_service,Yandex Maps,store card,1016216449,"Москва, Старокачаловская ул., 1Б",aEA-RrtWR4ehqpgcimUQ43WBArL82Nb,2025-11-22,A-14e4fabf6bc8,5,Ассортимент отличный!,Благодарим за отзыв! Стараемся для вас.,https://yandex.ru/maps/org/1016216449/reviews
PXR-0134,Перекрёсток,review_service,Yandex Maps,store card,1033549331,"Москва, ул. Покрышкина, 5",AYzC-9XkfRifl6pwBWFvU6NenDW328,2025-11-23,A-297c8999f49d,1,"В полночь ""пересменка"" на 15 минут, по факту 20-25","Здравствуйте. Спасибо, что сообщили нам. Хотели бы запросить подробности и разобраться. Пожалуйста, напишите нам в личные сообщения группы ВКонтакте https://vk.com/perekrestok_shop или в Одноклассниках https://ok.ru/perekrestok.shop.",https://yandex.ru/maps/org/1033549331/reviews
PXR-0135,Перекрёсток,review_service,Yandex Maps,store card,1016216449,"Москва, Старокачаловская ул., 1Б",tE8TB0DeY3ZrJ6unh4EIaGGgJANY3zen,2025-11-23,A-33ba1afe25a4,1,"ужасные охранник,приказным тоном сказал нам что то убрать,начал повышать голос,обращаться на ТЫ,всем людям начал говорить,что не так,тоесть позорить,убедительная просьба,что то с этим сделать","Здравствуйте. Спасибо, что сообщили нам. Хотели бы запросить подробности и разобраться. Пожалуйста, напишите нам в личные сообщения группы ВКонтакте https://vk.com/perekrestok_shop или в Одноклассниках https://ok.ru/perekrestok.shop.",https://yandex.ru/maps/org/1016216449/reviews
PXR-0136,Перекрёсток,review_service,Yandex Maps,store card,1033549331,"Москва, ул. Покрышкина, 5",AqBTli61loqN_EK1ZuYNTkepZayt2b,2025-11-24,A-0ccdf82a225c,4,"Перекресток не большой, хороший ассортимент Кофе делают отменный ! Рекомендую!Подскажите что за сорт ? Шаурма тоже класс По десертам на витрине не скажу что свежие, видно стоят дольше положенного","Здравствуйте. Спасибо, что оценили наши положительные стороны. Хотим запросить подробности и разобраться. Пожалуйста, напишите нам в личные сообщения группы ВКонтакте https://vk.com/perekrestok_shop или в Одноклассниках https://ok.ru/perekrestok.shop.",https://yandex.ru/maps/org/1033549331/reviews
PXR-0137,Перекрёсток,review_service,Yandex Maps,store card,1346437790,"Москва, Сормовская ул., 6",T7FtL4E2ylSOAerEA1yrexE2SPobrL,2025-11-25,A-c73282dee2bb,5,"Хочу поблагодарить персонал магазина «Перекресток», по адресу Сормовска 6, за отличную работу. А именно: Наталью, Гульнару, Елену и Ирину. Терпеливо объясняют, как пользоваться приложением и программой лояльности. Очень приятно, когда сотрудники готовы помочь и делают это с улыбкой. Такое отношение к покупателям заслуживает поощрения!",Спасибо за отзыв и высокую оценку! Для нас это важно.,https://yandex.ru/maps/org/1346437790/reviews
PXR-0138,Перекрёсток,review_service,Yandex Maps,store card,150402629053,"Москва, ул. Грина, 7",1oH8JdcOFD1S03bEqvQaKCXsgn3y9T,2025-11-26,A-fed52b1648f4,5,"Очень нравится кафе в перекрестке, кофе хороший, и цены приятные, персонал очень вежливый.","Спасибо, нам очень приятно!",https://yandex.ru/maps/org/150402629053/reviews
PXR-0139,Перекрёсток,review_service,Yandex Maps,store card,241557372236,"Видное, Берёзовая ул., 8",SjJCnG_ZkiUm2FR-XOnytWI6xsqoUj,2025-11-27,A-b443b2e9b2f1,5,"Очень чистый магазин, товар аккуратно выложен на полках.","Благодарим за положительный отзыв! Приятно, что смогли порадовать вас.",https://yandex.ru/maps/org/241557372236/reviews
PXR-0140,Перекрёсток,review_service,Yandex Maps,store card,107753056573,"Москва, Можайское ш., 31, корп. 1",zkYiOQxNw3joVVnpkMTWbjOcSyLpPSzO,2025-11-27,A-1793926e7d11,2,"Детские коляски с машинками используются как мусорки, сколько раз заходим, ни разу чистых не было. Сколько ценников совпадает с товаром? Ни один.","Здравствуйте. Хотели бы запросить подробности и разобраться. Пожалуйста, напишите нам в личные сообщения группы ВКонтакте https://vk.com/perekrestok_shop или в Одноклассниках https://ok.ru/perekrestok.shop.",https://yandex.ru/maps/org/107753056573/reviews
PXR-0141,Перекрёсток,review_service,Yandex Maps,store card,115894975781,"Москва, Сходненская ул., 56",aIs-Bc2SC7oY5O6GVGlx3SOH1yDBhEx,2025-11-29,A-156554623962,1,"Ужасный магазин, зона касс поставлена ужасно. Меня тележкой по спине бьет другой покупатель, потому что кассы в магазине стоят таким образом, что с тележкой пройти не возможно. А охрана стоит рядом и заявляет, это ваши проблемы. Было 29.11.25 ориентировано в 18:15","Здравствуйте. Расстроены, что вам пришлось столкнуться с подобным в нашем супермаркете. Хотим запросить подробности и разобраться в ситуации. Пожалуйста, напишите нам в личные сообщения группы ВКонтакте https://vk.com/perekrestok_shop или в Одноклассниках https://ok.ru/perekrestok.shop.",https://yandex.ru/maps/org/115894975781/reviews
PXR-0142,Перекрёсток,review_service,Yandex Maps,store card,150402629053,"Москва, ул. Грина, 7",apHP82P2SaZ3pMRS2gHw8ttoPmDBF_,2025-11-29,A-cc2238bf56b2,1,Поставьте усилитель сигнала…. Сделайте нормальный интернет в магазине,"Здравствуйте. Спасибо за обратную связь! Пожалуйста, напишите нам в личные сообщения группы ВКонтакте https://vk.com/perekrestok_shop или в Одноклассниках https://ok.ru/perekrestok.shop.",https://yandex.ru/maps/org/150402629053/reviews
PXR-0143,Перекрёсток,review_service,Yandex Maps,store card,1346437790,"Москва, Сормовская ул., 6",rgFr854NqfdsHIopjAm-XLXIg_bgnT,2025-11-29,A-5cd7901a1e33,1,В очередной раз купил тухлую рыбу. Сколько можно.,"Здравствуйте. Расстроены, что вам пришлось столкнуться с товарами такого качества. Хотим запросить подробности и разобраться в ситуации. Пожалуйста, напишите нам в личные сообщения группы ВКонтакте https://vk.com/perekrestok_shop или в Одноклассниках https://ok.ru/perekrestok.shop.",https://yandex.ru/maps/org/1346437790/reviews
PXR-0144,Перекрёсток,review_service,Yandex Maps,store card,108942729577,"Кисловодск, просп. Победы, 6",OuHsZlc_NaEDlY2kD2BBcwBN1gEThJU,2025-11-30,A-70cee13154b2,5,"Понравилось разнообразие и цены, жаль он один из а весь город","Благодарим за положительный отзыв! Приятно, что смогли порадовать вас.",https://yandex.ru/maps/org/108942729577/reviews
PXR-0145,Перекрёсток,review_service,Yandex Maps,store card,1033549331,"Москва, ул. Покрышкина, 5",YnDJe5wImXxIx9r3Mzmoo6ZcBwH_MM,2025-12-01,A-00e85c5e17ec,1,"Попросила оплатить через кассу где есть продавец, отправили на кассу самообслуживания. Весьма не вежливо","Здравствуйте. Хотели бы запросить подробности и разобраться. Пожалуйста, напишите нам в личные сообщения группы ВКонтакте https://vk.com/perekrestok_shop или в Одноклассниках https://ok.ru/perekrestok.shop.",https://yandex.ru/maps/org/1033549331/reviews
PXR-0146,Перекрёсток,review_service,Yandex Maps,store card,108942729577,"Кисловодск, просп. Победы, 6",qioa_VxHlUrYYq9gFkw__emalR5-5Ar,2025-12-01,A-c7748105aebe,5,"Хороший магазин. Хороший персонал. Чисто, аккуратно. Хороший выбор.",Благодарим за развернутый отзыв и хорошую оценку!,https://yandex.ru/maps/org/108942729577/reviews
PXR-0147,Перекрёсток,review_service,Yandex Maps,store card,1106270812,"Санкт-Петербург, Пражская ул., 48/50",fGuXtzLDrjdQzLLpnyv5Z817jm6pExk,2025-12-02,A-41d455300575,3,"Магазин отличный,ассортимент хороший,вежливые и приятные сотрудники и кассиры,но снижаю 2 звезды за то что не повезло нам купить у вас в магазине 02.12.2025 г.на Пражской 48/50 морковь по-корейски и спаржа на развес.Принеся домой открыли упаковку с морковью и запах от неё шёл отвратительный,испортилась и пахнет грязной тряпкой,замаскировали избытком чеснока,взяв в рот тут же выплюнули и выкинули.Цена контейнерочка с морковью 250 р.Такая же и спаржа.Тоже 250 р.Итого 500 р.в помойку.В магазин не понесли лишь потому что уезжаем.Пожалуйста проверьте данные продукты иначе жалобы будут не только у нас и отравиться можно же.Впереди новый год и это будет очень страшно если эта морковь попадёт на стол.","Здравствуйте. Расстроены, что вам пришлось столкнуться с товарами такого качества. Хотим запросить подробности и разобраться в ситуации. Пожалуйста, напишите нам в личные сообщения группы ВКонтакте https://vk.com/perekrestok_shop или в Одноклассниках https://ok.ru/perekrestok.shop.",https://yandex.ru/maps/org/1106270812/reviews
PXR-0148,Перекрёсток,review_service,Yandex Maps,store card,1016216449,"Москва, Старокачаловская ул., 1Б",sTSyjZrN4Vt1RJ4ZSVvn-wAqx7EbKc,2025-12-02,A-813765cfc52f,5,"Хороший выбор, свежие и качественные продукты, рекомендую, часто акции",Спасибо за отзыв и высокую оценку! Для нас это важно.,https://yandex.ru/maps/org/1016216449/reviews
PXR-0149,Перекрёсток,review_service,Yandex Maps,store card,1106270812,"Санкт-Петербург, Пражская ул., 48/50",n-65XjBKwR8YOwXbUisPDBwXuw2Vgqz,2025-12-03,A-b620a57d9ecb,2,"Ужасный стал магазин. Мутят с ценами только успевай следить. Сюрпризы при оплате. В последнее время ещё карта магазина уже не даёт скидок. Что с картой, что без нее - цена одинаковая. И смысл к вам ходить? В пятёрке рядом все дешевле","Здравствуйте. На стоимость влияет множество факторов, но мы всегда стараемся подготовить для своих клиентов самые выгодные предложения, проводим регулярные промоакции и предоставляем скидки😊 Подробнее тут: https://www.perekrestok.ru/cat/d Если у вас есть замечания или пожелания, пожалуйста, напишите нам в личные сообщения группы ВКонтакте https://vk.com/perekrestok_shop или в Одноклассниках https://ok.ru/perekrestok.shop.",https://yandex.ru/maps/org/1106270812/reviews
PXR-0150,Перекрёсток,review_service,Yandex Maps,store card,1033549331,"Москва, ул. Покрышкина, 5",eRyDHLRq2d9NcdzeNslRrq6gEKJpSgSNK,2025-12-04,A-29a2ff878e05,1,"Самое ужасное обслуживание в моей жизни! На станции где готовая еда и кофе, максимально не вежливые сотрудники! Постоянно хамят и огрызаются. На просьбы подойти к пицце постоянно друг на друга сваливаю , туда подойдите, потом туда подойдите. На вопрос где список сиропов, который должен быть у каждой кофейни- отвечают что его нет! Вопрос: « если сиропов 20 видов, я должен все 20 видов на слух выбирать или как? То касса сломается, то ещё что нибудь. Вообщем кринж полный. Прийти сюда еще раз , будет явно ошибкой. Максимально не организованная работа и халатное отношение к обслуживанию покупателей. Девушка с красной повязкой - особенно наглая. Думает что пришла с друзьями побеседовать, а не выполнять свою работу! Если бы можно было поставить -минус одну звезду я бы непременно это сделал! Надеюсь отзыв даст о себе знать и задуматься сотрудникам, на своем ли они месте !","Здравствуйте. Расстроены, что вам пришлось столкнуться с подобным в нашем супермаркете. Хотим запросить подробности и разобраться в ситуации. Пожалуйста, напишите нам в личные сообщения группы ВКонтакте https://vk.com/perekrestok_shop или в Одноклассниках https://ok.ru/perekrestok.shop.",https://yandex.ru/maps/org/1033549331/reviews
PXR-0151,Перекрёсток,review_service,Yandex Maps,store card,1033549331,"Москва, ул. Покрышкина, 5",BFO3_JLOrVqxgiFancgnROBKvoVXS37o,2025-12-06,A-3d4abd741390,2,"На днях приобрёл зелень, пришлось половину упаковки выбросить. Это уже не первый раз. Зелень не свежая, прошу обратить внимание.","Здравствуйте. Расстроены, что вам пришлось столкнуться с товарами такого качества. Хотим запросить подробности и разобраться в ситуации. Пожалуйста, напишите нам в личные сообщения группы ВКонтакте https://vk.com/perekrestok_shop или в Одноклассниках https://ok.ru/perekrestok.shop.",https://yandex.ru/maps/org/1033549331/reviews
PXR-0152,Перекрёсток,review_service,Yandex Maps,store card,1033549331,"Москва, ул. Покрышкина, 5",slsv8e-Fp_vjU2w-pUSB6pTujMjF0C,2025-12-06,A-9a2d0442e72c,2,"Зашли с молодым человеком поздно вечером ( 23:52) взяли еды и пошли на кассу обслуживания. Там стоял кассир, объясняла людям , что касса закрывается на 15-20 минут. Мой молодой человек решил вежливо узнать, когда именно была закрыта касса, на что получал крик и фразу: « Чтож вы делаете, сколько можно повторять одно и тоже , каждый день!» Данный крик был ни к чему, особенно после вежливого вопроса. Мой партнер еще раз повторил свой вопрос так же спокойно, на что снова получил крик и осуждение. Ни я , ни он не хотели с ней ругаться и что-то выяснять , поэтому пожелали быть добрее. Кассир ( Елена) оказалась выполнять свою работу, при этом накричал на нас и испортил настроение. Это очень неприятно. Прошу принять меры. Спасибо заранее.","Здравствуйте. Расстроены, что вам пришлось столкнуться с подобным в нашем супермаркете. Хотим запросить подробности и разобраться в ситуации. Пожалуйста, напишите нам в личные сообщения группы ВКонтакте https://vk.com/perekrestok_shop или в Одноклассниках https://ok.ru/perekrestok.shop.",https://yandex.ru/maps/org/1033549331/reviews
PXR-0153,Перекрёсток,review_service,Yandex Maps,store card,115894975781,"Москва, Сходненская ул., 56",xp7gO97Da7wgAsqwRHMnZSuW-8XhqC6g,2025-12-06,A-f97027354e56,1,"1 звезда за, судя по всему, организацию работы кафе в данном магазине, тк фильтра нет, «потому что кончился», хотя все оборудование на баре для фильтр-кофе присутствует, то есть либо у вас проблемы с заказом самого кофе на точку, либо бариста лень варить его.","Здравствуйте. Спасибо за обратную связь! Мы хотим провести проверку. Пожалуйста, напишите нам в личные сообщения группы ВКонтакте https://vk.com/perekrestok_shop или в Одноклассниках https://ok.ru/perekrestok.shop.",https://yandex.ru/maps/org/115894975781/reviews
PXR-0154,Перекрёсток,review_service,Yandex Maps,store card,1011746989,"Санкт-Петербург, ул. Ефимова, 2",B_f1yCT0lw7mzFksaJmABf-MWlNURGmk,2025-12-07,A-5271c9b518b5,1,"Продавцов мясом и рыбой постоянно нет на рабочем месте, как мясо у вас покупать если вам наплевать?","Здравствуйте. Спасибо за обратную связь! Комфорт клиентов очень важен для нас, поэтому всегда решим вопрос в режиме реального времени. В случае отсутствия продавца или кассира, а также при наличии очереди более 3 человек, пожалуйста, напишите нам в личные сообщения группы ВКонтакте https://vk.com/perekrestok_shop или в Одноклассниках https://ok.ru/perekrestok.shop.",https://yandex.ru/maps/org/1011746989/reviews
PXR-0155,Перекрёсток,review_service,Yandex Maps,store card,1033549331,"Москва, ул. Покрышкина, 5",uHtoCHmxpX47CmSo4cgJ-gcpUyRUFga,2025-12-07,A-700d0ecd4e7b,1,Отвратительные сотрудники на кассах самообслуживания,"Здравствуйте. Расстроены, что у вас сложилось такое впечатление о нашем супермаркете. Хотим запросить подробности и разобраться в ситуации. Пожалуйста, напишите нам в личные сообщения группы ВКонтакте https://vk.com/perekrestok_shop или в Одноклассниках https://ok.ru/perekrestok.shop.",https://yandex.ru/maps/org/1033549331/reviews
PXR-0156,Перекрёсток,review_service,Yandex Maps,store card,1106270812,"Санкт-Петербург, Пражская ул., 48/50",BiIgZtFJwqNqWeEzUcEN6Bm4cHFoAN01,2025-12-08,A-fdabfa2c625c,3,"Вот Форель которую купил здесь. Жабры на 30-40 процентов серые. Цвет не такой как раньше брал. И текстура. Её несколько раз замораживали и размораживали. Ну, судите сами...","Здравствуйте. Спасибо за отзыв. Хотели бы запросить подробности и разобраться. Пожалуйста, напишите нам в личные сообщения группы ВКонтакте https://vk.com/perekrestok_shop или в Одноклассниках https://ok.ru/perekrestok.shop.",https://yandex.ru/maps/org/1106270812/reviews
PXR-0157,Перекрёсток,review_service,Yandex Maps,store card,1033549331,"Москва, ул. Покрышкина, 5",-lYxnN1OZgbif0Vgwe5YMR-4GP4xyb,2025-12-09,A-b7cca5365c86,1,"отстойный магазин, большой, а толку ноль, весь товар однообразный, а консультанты наглые, как будто у себя на родине азиатской, за разговором вообще не следят , попросил отменить товар, так как пробил лишнее, и выслушал целую лекцию, что какие мы русские невнимательные и вообще ничего не понимаем","Здравствуйте. Спасибо, что сообщили нам. Давайте проясним все детали. Пожалуйста, напишите нам в личные сообщения группы ВКонтакте https://vk.com/perekrestok_shop или в Одноклассниках https://ok.ru/perekrestok.shop ✍️ Всё проверим.",https://yandex.ru/maps/org/1033549331/reviews
PXR-0158,Перекрёсток,review_service,Yandex Maps,store card,1011746989,"Санкт-Петербург, ул. Ефимова, 2",0-X0V3L6xUHngu__ymNa-Q1C7u6wic,2025-12-09,A-ed84013c412c,1,"кассиры охраны очень грубые они все как будто для меня работает, они же получает на обслуживания деньги","Здравствуйте. Спасибо за отзыв. Хотели бы запросить подробности и разобраться. Пожалуйста, напишите нам в личные сообщения группы ВКонтакте https://vk.com/perekrestok_shop или в Одноклассниках https://ok.ru/perekrestok.shop.",https://yandex.ru/maps/org/1011746989/reviews
PXR-0159,Перекрёсток,review_service,Yandex Maps,store card,1011746989,"Санкт-Петербург, ул. Ефимова, 2",duwP5I_2O1f4mKmaSyyrhhzSj3ucLete,2025-12-09,A-dc962bb9d62f,3,"Магазин по ассортименту товаров отличный, светлый, просторный. Вопрос к персоналу. Сначала о хорошем: стоял в отделе газированных напитков, мимо прошла женщина сотрудница (светлый волос, имя не запомнил) и сказала: «прощу прощения», т.е. человек за то, что на секунду отвлек меня от просмотра витрины тем, что прошел, так ответил, такой тактичности и вежливости позавидуют многие, если сотрудница увидит этот отзыв и узнает себя, хочу сказать, что очень БлагоДарю за такой уровень доброты, дай Бог вам здоровья и долгих лет жизни. А вот теперь о плохом: на кассе просто неадекватная сотрудница, дергается, нервничает, пакет кинула как собаке для складывания продуктов. На чеке фио кассира: Гумушай Джанболотовна Ташкулова. Время посещения: 09.12.2025 21:39. Номер кассы: 4. Даже не хочется в деталях расписывать все подробности этого «чудесного» диалога, надеюсь руководство просто посмотрит запись с камер видеонаблюдения, если там звука нет - то распишу ситуацию в деталях. Ранее уже на эту сотрудницу видел негативный отзыв, оставленный пользователем Анжелика Самадхи (узнал ее по фото в отзыве).","Здравствуйте. Спасибо за отзыв. Хотели бы запросить подробности и разобраться. Пожалуйста, напишите нам в личные сообщения группы ВКонтакте https://vk.com/perekrestok_shop или в Одноклассниках https://ok.ru/perekrestok.shop.",https://yandex.ru/maps/org/1011746989/reviews
PXR-0160,Перекрёсток,review_service,Yandex Maps,store card,150402629053,"Москва, ул. Грина, 7",ftupFBK31bwXDmMecAg1IiStol9-P0soE,2025-12-09,A-12248aada868,5,Приятно когда скидки есть!!!,Спасибо за выбор нашей сети и такой чудесный отзыв!,https://yandex.ru/maps/org/150402629053/reviews
PXR-0161,Перекрёсток,review_service,Yandex Maps,store card,241557372236,"Видное, Берёзовая ул., 8",0M5dlZmV-ayPQTlWbiQG0YqaBLoRC-,2025-12-10,A-e03152233e70,5,"Хочу выразить огромную благодарность кассиру Ольге, за доброжелательность и помощь! Работая в режиме многозадачности она относится с искренней заботой и пониманием к покупателям!",Спасибо за обратную связь!,https://yandex.ru/maps/org/241557372236/reviews
PXR-0162,Перекрёсток,review_service,Yandex Maps,store card,108942729577,"Кисловодск, просп. Победы, 6",x5IMwZ51FWd0l-oNGbpr2ATBj5s0ja,2025-12-11,A-49fd66172b82,1,"Я не знаю кто занимается ценами в вашем магазине, но лучше урегулировали цены чем постоянно присылать промокоды овощи фрукты вообще там не купить цены завышены, вам бы цены снизить и тогда не нужно будет ценники ставить что на -20% дешевле, потому что местное население туда редко заходит потому что знают какие там цены на всё, если цены бы снизили тогда бы и народа было бы больше товарооборот бы было бы у вас больше задумайтесь, у вас даже соки сыры сметана дороже стоит чем у ваших конкурентов, сам заезжаю раз в неделю чтоб купить стейки но в остальном все очень дорого еду другой магазин, вот если бы отрегулировал бы цены в другими магазинами то бы закупались бы все там они ехали бы в другие магазины, я не один такого мнения, у кого не спросишь про перекрёсток все говорят очень дорогой магазин нечего там покупать","Здравствуйте. На стоимость влияет множество факторов, но мы всегда стараемся подготовить для своих клиентов самые выгодные предложения, проводим регулярные промоакции и предоставляем скидки 😊 Подробнее тут: https://www.perekrestok.ru/cat/d. Если у вас есть замечания или пожелания, напишите в личные сообщения группы ВКонтакте https://vk.com/perekrestok_shop или в Одноклассниках https://ok.ru/perekrestok.shop.",https://yandex.ru/maps/org/108942729577/reviews
PXR-0163,Перекрёсток,review_service,Yandex Maps,store card,1011746989,"Санкт-Петербург, ул. Ефимова, 2",KcC53X6bcU-dqa6a2dEeOHEApY_-Q_vCY,2025-12-12,A-9c0e521d6687,5,"Прекрасный магазин, лучший в нашем районе. Часто пользуюсь кафе в этом магазине. Всегда все свежее и вкусное. Часто покупаем там перекусы, а иногда и ужины домой 😁 Недавно у нас на работе было большое мероприятие, салаты заказывали в кафе этого магазина. В кафе мне повтречалась прекрасная девушка менеджер Анастасия, она мне очень помогла с выбором салатов, проконсультировала по граммовкам для банкетного меню, а также подсказала, что в магазине можно заказать оформленные мясные и сырные нарезки. Мы с удовольствием воспользовались этим предложением , нарезки и салаты нам сдедали день в день на производстве магазина (очень благодарна Елене , которая работает на проищводстве) все было свежее «из-под ножа». Праздник прошел на ура, спасибо девушкам, которые мне очень помогли. Брали оливье, салат «индейка барбекю», салат с тунцом и свекла с киноа.",Спасибо за отзыв и высокую оценку! Для нас это важно.,https://yandex.ru/maps/org/1011746989/reviews
PXR-0164,Перекрёсток,review_service,Yandex Maps,store card,115894975781,"Москва, Сходненская ул., 56",_8w2DrMwYPOj403hrtmbzYgd7YaGYQQH,2025-12-12,A-f5ffb224b956,5,"Очень удобное кафе в перекрестке, самое главное для меня - вкусный кофе!",Благодарим за отзыв! Стараемся для вас.,https://yandex.ru/maps/org/115894975781/reviews
PXR-0165,Перекрёсток,review_service,Yandex Maps,store card,107753056573,"Москва, Можайское ш., 31, корп. 1",SZInoo8ub_lKyeM42BwoYrABOSSkll,2025-12-13,A-acc32a747794,3,"Слабо представлены корзинки и тележки, иногда за ними придётся побегать. Выпечка вкусная, но готовится по непонятном расписанию и высоки шансы, что понравившиеся позиции будут отсутствовать. По какой-то причине свежие (меньше недели от упаковки) куриные яйца взять - большая удача. В остальном - обычный универмаг, со стандартным набором продуктов. Персонал отзывчивый и приветливый, всегда помогут, но иногда их приходится подождать...","Здравствуйте, Сергей. Спасибо, что сообщили нам. Давайте проясним все детали. Пожалуйста, напишите нам в личные сообщения группы ВКонтакте https://vk.com/perekrestok_shop или в Одноклассниках https://ok.ru/perekrestok.shop ✍️ Всё проверим.",https://yandex.ru/maps/org/107753056573/reviews
PXR-0166,Перекрёсток,review_service,Yandex Maps,store card,107753056573,"Москва, Можайское ш., 31, корп. 1",MZ5KjEwFQ379Dv0nAZAaPdNO2V5n6x,2025-12-14,A-dec320cc8ba6,3,"Был нормальный магазин, а теперь вообще неочень. Сотрудника в мясном/рыбном отделе вообще не дождешься. Тележки все у сотрудников магазина и в итоге я просто купила меньше чтобы не таскать в руках. Тяжёлую корзинку носить вообще неприятно! Касс работает не больше одной, но я в итоге просто хожу на кассу самообслуживания.","Здравствуйте. Спасибо, что рассказали нам об этом. Хотели бы уточнить детали и разобраться. Пожалуйста, напишите нам в личные сообщения группы ВКонтакте https://vk.com/perekrestok_shop или в Одноклассниках https://ok.ru/perekrestok.shop ✍️",https://yandex.ru/maps/org/107753056573/reviews
PXR-0167,Перекрёсток,review_service,Yandex Maps,store card,115894975781,"Москва, Сходненская ул., 56",JDXTOGxcKSueeiI4I3XXjvWonDc7L9Xb,2025-12-15,A-0dd323675784,5,"Магазин хороший, но ПОЖАЛУЙСТА, УВИДЬТЕ. УЖЕ КОТОРЫЙ РАЗ при заказе через деливери с определенным шансом мне звонит сотрудник, и ничего не слышно после слов ИИ о том, что ""звонок по вашему заказу"". Проверьте телефоны персонала, или что-то в этом роде. Я просто не могу ответить на просьбу заменить что-то и из заказа убирают позицию вместо того, чтобы узнать у меня на что заменить.","Спасибо, нам очень приятно!",https://yandex.ru/maps/org/115894975781/reviews
PXR-0168,Перекрёсток,review_service,Yandex Maps,store card,1033549331,"Москва, ул. Покрышкина, 5",0IE6Ga_F7qg59gglH-BbA_3y0RbklBsbB,2025-12-16,A-9fac652ef32d,1,"КАКОЙ РАЗ МНЕ ДЕЛАЮТ МАТЧА ЛАТТЕ С ДОБАВЛЕНИЕМ ШОТА ЭСПРЕССО! НЕ УМЕЕТЕ ДЕЛАТЬ, НЕ ПРОДАВАЙТЕ! ОДИН РАЗ УСЛЕДИЛА И НЕ ДОБАВИЛИ, СЕГОДНЯ УШЛА НЕ ПРОВЕРИВ И ДЕНЬГИ НА ВЕТЕР!","Здравствуйте. Хотели бы запросить подробности и разобраться. Пожалуйста, напишите нам в личные сообщения группы ВКонтакте https://vk.com/perekrestok_shop или в Одноклассниках https://ok.ru/perekrestok.shop.",https://yandex.ru/maps/org/1033549331/reviews
PXR-0169,Перекрёсток,review_service,Yandex Maps,store card,1346437790,"Москва, Сормовская ул., 6",LmrDhw8DwJ0h9QFwr3W_FP0deg1eL6Vol,2025-12-18,A-bfb03f9dc3ff,2,"Научите сотрудников , в том числе Наталью ,не тыкать покупателям , мы не в гостях ,границы должны быть в независимости от возраста )","Здравствуйте, Анастасия. Мы ценим каждого клиента и стремимся поддерживать высокий уровень сервиса, поэтому ваш отзыв стал для нас поводом для огорчения. Напишите нам, пожалуйста, в личные сообщения группы ВКонтакте https://vk.com/perekrestok_shop или в Одноклассниках https://ok.ru/perekrestok.shop ✍️ Мы обязательно во всём разберёмся 🙌",https://yandex.ru/maps/org/1346437790/reviews
PXR-0170,Перекрёсток,review_service,Yandex Maps,store card,1011746989,"Санкт-Петербург, ул. Ефимова, 2",4bR6d86mmEKeImigsm8PmsFwfqvb31iZD,2025-12-21,A-4ac00c986aa2,1,"Не принимают детскую карту спб, хотя должны принимать. Говорят, что ""временно не доступна"", я так постоянно.","Здравствуйте. Спасибо за обратную связь! Мы хотим провести проверку. Пожалуйста, напишите нам в личные сообщения группы ВКонтакте https://vk.com/perekrestok_shop или в Одноклассниках https://ok.ru/perekrestok.shop.",https://yandex.ru/maps/org/1011746989/reviews
PXR-0171,Перекрёсток,review_service,Yandex Maps,store card,1033549331,"Москва, ул. Покрышкина, 5",jW_bkKIW1970qgj1v8kmtGha141Nd42v,2025-12-21,A-315754c644df,5,"Большой выбор продуктов, больше, чем в других перекрестках. Все свежее. Работает круглосуточно. В магазине есть 4 лапы. Тоже удобно.","Спасибо, это важно для нас!",https://yandex.ru/maps/org/1033549331/reviews
PXR-0172,Перекрёсток,review_service,Yandex Maps,store card,108942729577,"Кисловодск, просп. Победы, 6",1KCpBTYQAVX_SKQAom478lss7gtG9F,2025-12-22,A-b617fc66e0b2,5,Обожаю перекресток и безумно рада что он есть в таком маленьком городе Чисто доступно все вежливые продавцы Рекомендую к посещению,"Спасибо за отзыв! Рады, что вам нравится.",https://yandex.ru/maps/org/108942729577/reviews
PXR-0173,Перекрёсток,review_service,Yandex Maps,store card,1106270812,"Санкт-Петербург, Пражская ул., 48/50",0VHAqvdI8S8EdtbH5bSXsqlO6ysvUCrf,2025-12-25,A-578a6f8fad2d,5,"Прекрасный магазин! Очень порадовал ассортимент — всё самое актуальное в одном месте. Внутри светло, чисто и очень уютно, приятно находиться. Персонал вежливый и ненавязчивый, помогли с выбором.",Спасибо за приятный отзыв! Всегда рады видеть вас в нашем супермаркете.,https://yandex.ru/maps/org/1106270812/reviews
PXR-0174,Перекрёсток,review_service,Yandex Maps,store card,1106270812,"Санкт-Петербург, Пражская ул., 48/50",0j8N4TkmIc0LNWAQNoyme5nWr-HdGK,2025-12-25,A-458485eae436,5,Великолепный отзывчивый персонал,Спасибо за обратную связь!,https://yandex.ru/maps/org/1106270812/reviews
PXR-0175,Перекрёсток,review_service,Yandex Maps,store card,1106270812,"Санкт-Петербург, Пражская ул., 48/50",NBn_daxiUhowj0b4omwFNVv3ycSiPn,2025-12-25,A-7ac31b9cc215,5,"Хороший магазин, большей выбор товаров, есть кассы самообслуживания, собственная пекарня и кулинария. Можно купить горячий кофе, что в зимнее время очень хорошо.","Благодарим за положительный отзыв! Приятно, что смогли порадовать вас.",https://yandex.ru/maps/org/1106270812/reviews
PXR-0176,Перекрёсток,review_service,Yandex Maps,store card,1106270812,"Санкт-Петербург, Пражская ул., 48/50",NH3P07j8c2W31MXuY535GK8cNuLxNvwMQ,2025-12-25,A-623f3416aebd,5,Всё супер,"Спасибо, это важно для нас!",https://yandex.ru/maps/org/1106270812/reviews
PXR-0177,Перекрёсток,review_service,Yandex Maps,store card,1106270812,"Санкт-Петербург, Пражская ул., 48/50",XwzNdHAn0NAOEMpLhH4oqmBNl8qB53jK,2025-12-25,A-725ad7030e78,5,"Большой магазин, огромный выбор. Постоянно беру зелень и овощи, все отличного качества. Выпечка всегда свежая и вкусная. Безумно вкусный кофе варят✨",Спасибо за ваш отзыв! Будем рады снова видеть вас в нашем супермаркете.,https://yandex.ru/maps/org/1106270812/reviews
PXR-0178,Перекрёсток,review_service,Yandex Maps,store card,1106270812,"Санкт-Петербург, Пражская ул., 48/50",gBhIGZD5aDbMuKIoJIzq9CSVv8hfJC,2025-12-25,A-c1915af037b9,5,"Очень доволен посещением магазина. Ассортимент широкий, цены разумные, а качество товаров всегда на хорошем уровне. Персонал дружелюбный и готов помочь даже в пиковые часы. Удобное расположение и чистая, аккуратная торговая зона создают приятную атмосферу для покупок. Рекомендую!",Благодарим за отзыв! Стараемся для вас.,https://yandex.ru/maps/org/1106270812/reviews
PXR-0179,Перекрёсток,review_service,Yandex Maps,store card,115894975781,"Москва, Сходненская ул., 56",ygmisfktkbBNpMOBBmZM4oAHOXXjeUg,2025-12-25,A-a1cd0329ac82,1,А что так можно было? Сотрудник магазина в уличной обуви стоит на продуктовой полке и на ценниках 🤢,"Здравствуйте. Спасибо, что рассказали нам об этом. Хотели бы уточнить детали и разобраться. Пожалуйста, напишите нам в личные сообщения группы ВКонтакте https://vk.com/perekrestok_shop или в Одноклассниках https://ok.ru/perekrestok.shop ✍️",https://yandex.ru/maps/org/115894975781/reviews
PXR-0180,Перекрёсток,review_service,Yandex Maps,store card,1011746989,"Санкт-Петербург, ул. Ефимова, 2",a2NpH5CV5jY5XKsBSPM7BxcwQabla3,2025-12-28,A-78884a537afb,1,Самый отвратительный Перекрёсток в городе.,"Здравствуйте. Спасибо за отзыв. Хотели бы запросить подробности и разобраться. Пожалуйста, напишите нам в личные сообщения группы ВКонтакте https://vk.com/perekrestok_shop или в Одноклассниках https://ok.ru/perekrestok.shop.",https://yandex.ru/maps/org/1011746989/reviews
PXR-0181,Перекрёсток,review_service,Yandex Maps,store card,150402629053,"Москва, ул. Грина, 7",OgQRgaqr2a9YgCJRrBBGras1mJUR4_X,2025-12-30,A-1ae15dda8f31,1,"Нет лимонадов без сахара, сиропов без сахара и загустителей, нет пива Балтика Портер 6, нет портера 8/20, мясо и рыба очень дорогие, своя выпечка тоже по дикой цене! 30.12 - ничего не изменилось!","Здравствуйте, Эдуард. Если у вас есть особые пожелания по ассортименту, напишите нам, пожалуйста, в личные сообщения группы ВКонтакте https://vk.com/perekrestok_shop или в Одноклассниках https://ok.ru/perekrestok.shop. Передадим информацию в ответственный отдел 👌",https://yandex.ru/maps/org/150402629053/reviews
PXR-0182,Перекрёсток,review_service,Yandex Maps,store card,1346437790,"Москва, Сормовская ул., 6",991wgWBmwU1KuUp1lXe3eXJpoxO0IQ_5,2025-12-31,A-aba161c7aab0,4,Спасибо всему персоналу! Очень приятно с ними общаться! Всегда помогут и подскажут. Всегда доброжилательные и с улыбкой! Только новые ценники стали не удобные. Невозможко прочитать. Очень мелко.,"Здравствуйте, Татьяна. Спасибо, что поделились своим мнением. Если у вас есть замечания или пожелания, напишите, пожалуйста, в личные сообщения группы ВКонтакте https://vk.com/perekrestok_shop или в Одноклассниках https://ok.ru/perekrestok.shop 👌",https://yandex.ru/maps/org/1346437790/reviews
PXR-0183,Перекрёсток,review_service,Yandex Maps,store card,107753056573,"Москва, Можайское ш., 31, корп. 1",MZrMyUA1ynkTI7iv0OTbO8jRfPFNxqk,2025-12-31,A-bc9c3ad0b1d2,1,"Только что испортил перекресток новогоднее настроение! Не продали вино, сказали что ценник больше 30 дней, при этом в наличии числится 3 бутылки. Мало того что по закону продать должны, а тут и по новой цене не дали купить дабы избежать разбирательств с роспотребнадзором видимо! Кассир с бутылкой скрылся в магазине, с прощальными словами - «Жалуйтесь»","Здравствуйте, Надежда. Спасибо, что сообщили нам. Мы понимаем вас и хотим разобраться. Пожалуйста, напишите нам в личные сообщения группы ВКонтакте https://vk.com/perekrestok_shop или в Одноклассниках https://ok.ru/perekrestok.shop ✍️Сделаем всё, чтобы вернуть ваше доверие 🙌",https://yandex.ru/maps/org/107753056573/reviews
PXR-0184,Перекрёсток,review_service,Yandex Maps,store card,1346437790,"Москва, Сормовская ул., 6",kPhpzbJJRlnoTVWaqLQrEuCLbi1Feo,2025-12-31,A-cfe34fa3a30d,5,"Покупал в магазине предметы, что называют маленькими радостями домохозяйки. Магазин расположен на первом этаже. Кассы самообслуживания так же есть.","Спасибо, нам очень приятно!",https://yandex.ru/maps/org/1346437790/reviews
PXR-0185,Перекрёсток,review_service,Yandex Maps,store card,115894975781,"Москва, Сходненская ул., 56",vjj59XiBkqjGkzrMKTliD4g9GRcmk2-qa,2026-01-02,A-83a661c387e0,1,"*** охрана, куча мусора под ногами. Расположение в дали ТЦ","Здравствуйте. Спасибо за то, что обратили наше внимание. Ни в коем случае не хотели вас разочаровать 😔 Напишите нам, пожалуйста, в личные сообщения группы ВКонтакте https://vk.com/perekrestok_shop или в Одноклассниках https://ok.ru/perekrestok.shop ✍️ Уточним детали, чтобы быстрее всё выяснить и разобраться.",https://yandex.ru/maps/org/115894975781/reviews
PXR-0186,Перекрёсток,review_service,Yandex Maps,store card,1016216449,"Москва, Старокачаловская ул., 1Б",kktZZLp5Z2HGZgBaPsfuY2e_yoaOtNr,2026-01-04,A-7122b6f8854e,5,"Отличный магазин, всегда все есть и свежее.",Благодарим за развернутый отзыв и хорошую оценку!,https://yandex.ru/maps/org/1016216449/reviews
PXR-0187,Перекрёсток,review_service,Yandex Maps,store card,1033549331,"Москва, ул. Покрышкина, 5",xF7va2-QSTXWpMpGjojXuY03NOlkMO,2026-01-04,A-27c9840b5a56,5,"Отличный магазин с хорошим ассортиментом товаров. Есть всё, качество и цена всё адекватно. Удобные тележки, есть кассы самообслуживания и конечно доставка из этого магазина, что тоже очень удобно.",Спасибо за приятный отзыв! Всегда рады видеть вас в нашем супермаркете.,https://yandex.ru/maps/org/1033549331/reviews
PXR-0188,Перекрёсток,review_service,Yandex Maps,store card,108942729577,"Кисловодск, просп. Победы, 6",SVvR6RLQe1cOM35XiZyRObynJkx8i9,2026-01-05,A-8274bc4079a5,5,"большой выбор продуктов, есть кассы самообслуживания, что очень удобно",Спасибо за приятный отзыв! Всегда рады видеть вас в нашем супермаркете.,https://yandex.ru/maps/org/108942729577/reviews
PXR-0189,Перекрёсток,review_service,Yandex Maps,store card,108942729577,"Кисловодск, просп. Победы, 6",w9CqbhaYf4NxPTLggKVmcZP2ImVZijt,2026-01-06,A-07e1e69de0a1,3,"Возможно самый богатым выбор товаров именно в этом месте, но впечатление омрачается неприветливостью персонала, их откровенной грубостью и отсутствием малейшего уважения. Увы, подобная картина становится слишком частой, когда конкуренция отсутствует и альтернативы практически не существует.","Здравствуйте, Алекс. Нам крайне важно сохранить высокое качество обслуживания, поэтому мы огорчены, что вы столкнулись с подобным в нашем супермаркете. Хотим разобраться и провести проверку. Напишите нам, пожалуйста, в личные сообщения группы ВКонтакте https://vk.com/perekrestok_shop или в Одноклассниках https://ok.ru/perekrestok.shop ✍️",https://yandex.ru/maps/org/108942729577/reviews
PXR-0190,Перекрёсток,review_service,Yandex Maps,store card,108942729577,"Кисловодск, просп. Победы, 6",DwsCvXIQHO4LgHy748E50173H5GsxhZ9_,2026-01-08,A-579806ada6fd,3,Много народу. Не очень чисто. В целом норм),"Здравствуйте, Дмитрий. Спасибо за то, что поделились своими впечатлениями. Если у вас есть замечания или пожелания к супермаркету торговой сети ""Перекрёсток"", напишите, пожалуйста, в личные сообщения группы ВКонтакте https://vk.com/perekrestok_shop или в Одноклассниках https://ok.ru/perekrestok.shop ✍",https://yandex.ru/maps/org/108942729577/reviews
PXR-0191,Перекрёсток,review_service,Yandex Maps,store card,108942729577,"Кисловодск, просп. Победы, 6",OP2zar-j9X3eJ5WvZptfTcDMh6QyiF,2026-01-08,A-08bd699b0154,5,Лучший магазин в городе по ассортименту продуктов. Цены завышены. Обслуживание на «удовлетворительно».,Благодарим за отзыв! Стараемся для вас.,https://yandex.ru/maps/org/108942729577/reviews
PXR-0192,Перекрёсток,review_service,Yandex Maps,store card,150402629053,"Москва, ул. Грина, 7",RSX5r64ZwkT29A-L7g1jaxvdLMcnCiIL,2026-01-08,A-3cbd733164c4,1,В магазине просто ничего нет. Только алкоголь в выборе. В пятёрочке и то лучше,"Здравствуйте, Виталий. Спасибо за обратную связь! Мы внимательно следим за потребностями наших клиентов и регулярно дополняем ассортимент новыми товарами. Напишите нам, пожалуйста, в личные сообщения группы ВКонтакте https://vk.com/perekrestok_shop или в Одноклассниках https://ok.ru/perekrestok.shop. Зафиксируем и передадим ваше пожелание в ответственный отдел 👌",https://yandex.ru/maps/org/150402629053/reviews
PXR-0193,Перекрёсток,review_service,Yandex Maps,store card,1033549331,"Москва, ул. Покрышкина, 5",mzYqdd8ZyL6fOXClza90eO_x2ib97L,2026-01-08,A-423906355e3d,5,"Спасибо за подаренное утреннее настроение одному из работников этого Перекрёстка🙂 .. только в этом Перекрёстке идеальная чистота, порядок и красивая расстановка товаров и продуктов.","Спасибо, это важно для нас!",https://yandex.ru/maps/org/1033549331/reviews
PXR-0194,Перекрёсток,review_service,Yandex Maps,store card,108942729577,"Кисловодск, просп. Победы, 6",WI_mkJGdUJ-0WRtj8hl9fhatt5LCRl,2026-01-09,A-ca882444560c,5,Обычный Перекресток. Ассортимент большой.,Спасибо за обратную связь!,https://yandex.ru/maps/org/108942729577/reviews
PXR-0195,Перекрёсток,review_service,Yandex Maps,store card,1016216449,"Москва, Старокачаловская ул., 1Б",zCPjO7Fa-cw2g21inD81je0j7wx2FwBDO,2026-01-09,A-21c55c963ffd,1,"Не почистили тропинку к лестнице и лестницу. Стала подниматься и упала. Стала говорить, а охранник мне говорит, мы тоже ходим, а вы не можете. Я ему ответила, ты молодой, а мне 66 лет. Вышел дворник и у входа начал чистить. Я его попросила прочистить на ширину лопаты ступеньки вдоль перил, чтобы спуститься. Спасибо послушался и почистил. Проводите инструктаж, при большом снегопаде, сначало нужно прочистить на лопату проход. Чтобы люди могли ходить.","Здравствуйте, Людмила. Спасибо, что сообщили нам. Давайте проясним все детали. Пожалуйста, напишите нам в личные сообщения группы ВКонтакте https://vk.com/perekrestok_shop или в Одноклассниках https://ok.ru/perekrestok.shop ✍️ Всё проверим.",https://yandex.ru/maps/org/1016216449/reviews
PXR-0196,Перекрёсток,review_service,Yandex Maps,store card,1346437790,"Москва, Сормовская ул., 6",bEVdRYJtJgeBXoVTH8Z-WfsSiwcwkQyss,2026-01-10,A-6a95040540b1,5,"Наудивление, но этот магазин способен меняться с учетом отзывов! Теперь и ценники электронные актуальные даже на одинокий в уголке товар, и персонал постоянно суетиться просрочку убирает. Тележек поприбавилось, хоть и всё равно они потихонечку словно таят - может их платными сделать? Из оставшихся пожеланий: организовать больше места у касс-самообслуживания (если набрал полную тележку - из-за тесноты обслужиться там нереально), посадить второго кассира - чтобы всегда работало ДВЕ кассы. Убрать тележки с неразложенным товаром из проходов - там и так тесно, и не загромождать проходы ""акционными"" корзинами - соблюдайте нормы свободного пространства! А так этот Перекресток - это пожалуй лучший супермаркет во всем Выхино. Лучше только гипермаркеты, но все они за мкадом.","Благодарим за положительный отзыв! Приятно, что смогли порадовать вас.",https://yandex.ru/maps/org/1346437790/reviews
PXR-0197,Перекрёсток,review_service,Yandex Maps,store card,1033549331,"Москва, ул. Покрышкина, 5",kvKvTS6JBzxaTmfaA2ZC7QR1UlYkF2zoB,2026-01-10,A-ff55a178e724,1,"Уведомляю о критических нарушениях санитарных правил в магазине ! 1. В отделах готовой продукции (выпечка, салаты, пицца ) обнаружены насекомые ТАРАКАНЫ непосредственно на продуктах.( пицце и вепекаемых булочках ) 2. Выпечка реализуется без упаковки, что позволяет покупателям трогать её руками и возвращать на место. Видел, как человек подержал пирожок и положил обратно Данные факты создают прямую угрозу здоровью потребителей. Прошу срочно принять меры.","Здравствуйте. Расстроены, что вам пришлось столкнуться с подобным в нашем супермаркете. Хотим уточнить некоторые моменты и разобраться в ситуации. Напишите нам, пожалуйста, в личные сообщения группы ВКонтакте https://vk.com/perekrestok_shop или в Одноклассниках https://ok.ru/perekrestok.shop ✍️",https://yandex.ru/maps/org/1033549331/reviews
PXR-0198,Перекрёсток,review_service,Yandex Maps,store card,108942729577,"Кисловодск, просп. Победы, 6",m5yMzTEhaSUu8W8Ygk1qwom8diTWtqd,2026-01-11,A-f43a6d9b24ca,5,Хороший ассортимент.,Спасибо за ваш отзыв! Будем рады снова видеть вас в нашем супермаркете.,https://yandex.ru/maps/org/108942729577/reviews
PXR-0199,Перекрёсток,review_service,Yandex Maps,store card,1033549331,"Москва, ул. Покрышкина, 5",psipyl0v0FvU5YrbY0-0KHC6DBO5KND,2026-01-11,A-25e62286b443,5,Всегда все есть и свежее. Минусы-высокие цены и мало рабочих касс.,Вы делаете нас лучше!,https://yandex.ru/maps/org/1033549331/reviews
PXR-0200,Перекрёсток,review_service,Yandex Maps,store card,241557372236,"Видное, Берёзовая ул., 8",tBiBly0SsT7ulZKzdV6N4ytsW_H2mUKs,2026-01-11,A-7bffd31e8714,1,"Доброго времени суток, уважаемые собственники ""Перекрёстка"". Почему не убираете снег на прилегающей территории магазина (пешеходная зона), лестницы? Пройти не возможно, снег сугробами по колено. К вам идут половина жителей ближайших домов, многие в возрасте, с колясками мамочки и т.д., как по-вашему мы должны проходить??","Здравствуйте, Маргарита. Спасибо, что нашли время написать отзыв. Мы ценим обратную связь. Расскажите, пожалуйста, подробнее в личных сообщениях группы ВКонтакте https://vk.com/perekrestok_shop или в Одноклассниках https://ok.ru/perekrestok.shop ✍️ Во всём разберёмся 🙌",https://yandex.ru/maps/org/241557372236/reviews
PXR-0201,Перекрёсток,review_service,Yandex Maps,store card,115894975781,"Москва, Сходненская ул., 56",Qd0g6QiTtGZfWomGQjrHPsZ9QQlKpwMT,2026-01-13,A-afa44f42d883,1,"Управляющая/менеджер магазина, имя к сожалению не подскажу, не русской внешности, как опознавательный признак, вместо работы и помощи клиентам, общается с друзьями, это можно поверить по камерам. Просьба обратить внимание.","Здравствуйте. Спасибо, что сообщили нам. Хотели бы запросить подробности и разобраться. Пожалуйста, напишите нам в личные сообщения группы ВКонтакте https://vk.com/perekrestok_shop или в Одноклассниках https://ok.ru/perekrestok.shop.",https://yandex.ru/maps/org/115894975781/reviews
PXR-0202,Перекрёсток,review_service,Yandex Maps,store card,150402629053,"Москва, ул. Грина, 7",RPR_smc9bij75TF13ekPa1xWY8q0uoTk,2026-01-13,A-2eedfc5dd193,1,"Ужасный магазин стал, сборщики бегают по всему магазину, не пройти нормально не в какой отдел, кассы самообслуживания ужасные, выкладку товара зачем менять каждый месяц, после работы люди не будут искать то, что им нужно они просто уйдут и все, потому что они устали и закажут все в самокате, который привезёт все за минуту и без нервов. Раньше был отличный магазин у дома, сейчас из него сделали черт знает что, очень расстроен. Доставка возит долго к тому же …. Расстроен","Здравствуйте, Роман. Спасибо за то, что поделились своими впечатлениями. Если у вас есть замечания или пожелания к супермаркету торговой сети ""Перекрёсток"", напишите, пожалуйста, в личные сообщения группы ВКонтакте https://vk.com/perekrestok_shop или в Одноклассниках https://ok.ru/perekrestok.shop ✍",https://yandex.ru/maps/org/150402629053/reviews
PXR-0203,Перекрёсток,review_service,Yandex Maps,store card,108942729577,"Кисловодск, просп. Победы, 6",X7OP-z81Y9sKiAM6B5dLbQxJADRmFfd,2026-01-13,A-b608d7d27a89,5,"Отличный набор сыров-напитков-консервации и пр. Выбор, словно ты в столичном магазине сети","Мы рады, что вам нравится в Перекрёстке!",https://yandex.ru/maps/org/108942729577/reviews
PXR-0204,Перекрёсток,review_service,Yandex Maps,store card,1106270812,"Санкт-Петербург, Пражская ул., 48/50",Yvf3kLn7WIXMP1t0TzyyHUs90pg7S4FG,2026-01-13,A-234eab1c3baa,1,"Выдача курьерам происходит в лушчем случае за 20 минут, сборщиков нет Самому заказ забрать нельзя, человека отвечающего за выдачу нет на месте.","Здравствуйте, Владимир. Спасибо, что нашли время написать отзыв. Мы ценим обратную связь. Расскажите, пожалуйста, подробнее в личных сообщениях группы ВКонтакте https://vk.com/perekrestok_shop или в Одноклассниках https://ok.ru/perekrestok.shop ✍️ Во всём разберёмся 🙌",https://yandex.ru/maps/org/1106270812/reviews
PXR-0205,Перекрёсток,review_service,Yandex Maps,store card,1011746989,"Санкт-Петербург, ул. Ефимова, 2",dNeBQoo6unp-CUFpF_1l70Nb5eFRhU,2026-01-13,A-f54c82ab6337,3,"Очереди большие, возможно потому что поток покупателей большой. Но работали не все кассы.","Здравствуйте. Спасибо за обратную связь! Комфорт клиентов очень важен для нас, поэтому всегда решим вопрос в режиме реального времени. В случае отсутствия продавца или кассира, а также при наличии очереди более 3 человек, пожалуйста, напишите нам в личные сообщения группы ВКонтакте https://vk.com/perekrestok_shop или в Одноклассниках https://ok.ru/perekrestok.shop.",https://yandex.ru/maps/org/1011746989/reviews
PXR-0206,Перекрёсток,review_service,Yandex Maps,store card,107753056573,"Москва, Можайское ш., 31, корп. 1",BIGP4XnEXHg9DtWM7VSRNYK5Y2DfeHW5B,2026-01-14,A-abdb5bb71a00,5,"Стандартный Перекресток. По пути к нему есть куча разных отделов, что удобно","Спасибо, что нашли время поделиться своими впечатлениями! Очень приятно.",https://yandex.ru/maps/org/107753056573/reviews
PXR-0207,Перекрёсток,review_service,Yandex Maps,store card,108942729577,"Кисловодск, просп. Победы, 6",ksTOe-aiOQgYDpRVcr-gDRJTC-BAOeA-p,2026-01-15,A-112fc4098387,5,"В Кисловодске самый лучший магазин, большой ассортимент и цены приемлемые","Благодарим за положительный отзыв! Приятно, что смогли порадовать вас.",https://yandex.ru/maps/org/108942729577/reviews
PXR-0208,Перекрёсток,review_service,Yandex Maps,store card,1033549331,"Москва, ул. Покрышкина, 5",8DuBxu_Ter6p6zbB7xbqpFVJVUQMhr,2026-01-16,A-4499ae2a2fed,5,"Очень хороший магазин! Мне больше нравится, чем другие Перекрёстки!!! Продукты всегда свежие и очень хороший ассортимент!!!! Директор и сотрудники молодцы!!!",Спасибо за выбор нашей сети и такой чудесный отзыв!,https://yandex.ru/maps/org/1033549331/reviews
PXR-0209,Перекрёсток,review_service,Yandex Maps,store card,1016216449,"Москва, Старокачаловская ул., 1Б",GhbKNd9uYQaQRVa90jy4VOY1eoyXWqL,2026-01-16,A-5754b48853e8,1,"Самый ужасный Перекресток. 1.Продавцов постоянно нет в отделах, они либо на выкладке, либо в подсобных помещениях, либо с десяти метров смотрят на тебя и ждут реакции. 2.Ценники не соответствуют товарам, все и всегда перепутано, особенно в гастрономии. 3.Работают без перчаток, не раз замечал, сначала с пола коробки трогают, потом мясо завешивают. 4.Грязные покупательские тележки и корзины, тотальная антисанитария. 5.Всегда захламленные проходы между стеллажей, коробки, телеги, что угодно. 6.Высокие цены, даже на продукцию собственного производства. 7.Персонал хамоватый, впрочем в подобных магазинах это скорее тенденция. 8.Двери на вход, то одна открыта, то другая закрыта, квест..","Здравствуйте. Спасибо, что сообщили нам. Хотели бы запросить подробности и разобраться. Пожалуйста, напишите нам в личные сообщения группы ВКонтакте https://vk.com/perekrestok_shop или в Одноклассниках https://ok.ru/perekrestok.shop.",https://yandex.ru/maps/org/1016216449/reviews
PXR-0210,Перекрёсток,review_service,Yandex Maps,store card,1106270812,"Санкт-Петербург, Пражская ул., 48/50",IlUV6fE7pLgP3_2tquwD9cxHJ84NtASv,2026-01-16,A-056cbaaadb6e,4,"Хороший сетевой магазин, большоц выбор, но данный ТЦ хотелось бы почище и приходится звать продовца, особенно в рыбный отдел.","Здравствуйте, Михаил. Спасибо, что нашли время написать отзыв. Мы ценим обратную связь. Расскажите, пожалуйста, подробнее в личных сообщениях группы ВКонтакте https://vk.com/perekrestok_shop или в Одноклассниках https://ok.ru/perekrestok.shop ✍️ Во всём разберёмся 🙌",https://yandex.ru/maps/org/1106270812/reviews
PXR-0211,Перекрёсток,review_service,Yandex Maps,store card,1346437790,"Москва, Сормовская ул., 6",wwwP6qVj3rCYbieTmZHjhByvmiG3_zI,2026-01-16,A-0eaba556b69b,5,"Отличный супермаркет, огромный выбор, приятные сотрудники","Спасибо, это важно для нас!",https://yandex.ru/maps/org/1346437790/reviews
PXR-0212,Перекрёсток,review_service,Yandex Maps,store card,1106270812,"Санкт-Петербург, Пражская ул., 48/50",qUlxMAKrtZJGlVPbNj_t2IOSF57QSlShu,2026-01-17,A-a167b2c73531,4,Большой выбор товара. Хороший магазин. В едадиле была акция на креветки северная.во всех магазинах перекрёсток была акция а на пражской акции не было и даже о таком не слыли я обратилась к директору она ответила у нас нету акции. И пока была акция магазин не выставил цену на этот товар . акция кончилась ценник появился,"Здравствуйте. Благодарим за информацию. Напишите нам, пожалуйста, в личные сообщения группы ВКонтакте https://vk.com/perekrestok_shop или в Одноклассниках https://ok.ru/perekrestok.shop. Уточним детали и во всём разберёмся 👌",https://yandex.ru/maps/org/1106270812/reviews
PXR-0213,Перекрёсток,review_service,Yandex Maps,store card,115894975781,"Москва, Сходненская ул., 56",W_fhdWeB7AMRBw3s83VVnvjbHCqNWj,2026-01-18,A-97dba0dcf8d8,2,"Сегодня имела «удовольствие» перекусить в кафе перекрестка в компании с милой мышкой. Мне когда женщина сказала, что у меня под столом бегает мышка, я подумала, что ослышалась, но быстро пересела за соседний столик на барный стул. А потом своими глазами ее увидела. Когда мы сообщили ближайшему охраннику об этом он ничего не предпринял, судя по всему даже не передал никому информацию. В общем, впечатление испортилось, хотя я сюда частенько захожу, ассортимент широкий, всё есть. Хотела домой роллов их производства взять, но передумала. Фото нет, тк я в таком шоке была, что не догадалась.","Здравствуйте. Спасибо, что сообщили нам. Хотели бы запросить подробности и разобраться. Пожалуйста, напишите нам в личные сообщения группы ВКонтакте https://vk.com/perekrestok_shop или в Одноклассниках https://ok.ru/perekrestok.shop.",https://yandex.ru/maps/org/115894975781/reviews
PXR-0214,Перекрёсток,review_service,Yandex Maps,store card,1346437790,"Москва, Сормовская ул., 6",rCSIxhmbFgkvXOmrTCdoDsJ1-64C1-lV,2026-01-18,A-80a346770ea0,5,"Магазин суппер. Очень много товаров по акции.Очень чистый,всё стоит на своих местах,легко найти нужный товар. Рыба,мясо всегда всё свежее. Сейчас очень вкусная черешня.Овощи,фрукты просто суппер. Всегда много ассортимента.Персонал отзывчивый,всегда помогут. Кассиры доброжелательны,улыбчивы. Очень удобный магазин, рядом с домом. Огромный ассортимент продуктов.Очень отзывчивый персонал.Огромный выбор фруктов,овощей,колбас,сыров. После 21: 00 на всю выпечку 50% скидка,это суппер. А ещё после 21:00 на все торты 30% скидка.Сейчас завозят очень вкусную клубнику и черешню по приятным ценам. Очень вкусные мандарины халлабон.",Спасибо за выбор нашей сети и такой чудесный отзыв!,https://yandex.ru/maps/org/1346437790/reviews
PXR-0215,Перекрёсток,review_service,Yandex Maps,store card,1106270812,"Санкт-Петербург, Пражская ул., 48/50",CP3wcxb8iRAHpuW2hBFToKbZUgEA9gR,2026-01-19,A-9206be5b92bc,1,"Чтобы забрать заказ нужно помолиться всем богам, выждать нужную погоду, потратить кучу времени и все равно его будут собирать полчаса, а то и час.","Здравствуйте. Спасибо, что сообщили нам. Мы понимаем вас и хотим разобраться. Пожалуйста, напишите нам в личные сообщения группы ВКонтакте https://vk.com/perekrestok_shop или в Одноклассниках https://ok.ru/perekrestok.shop ✍️ Сделаем всё, чтобы вернуть ваше доверие 🙌",https://yandex.ru/maps/org/1106270812/reviews
PXR-0216,Перекрёсток,review_service,Yandex Maps,store card,1016216449,"Москва, Старокачаловская ул., 1Б",QoaExGx1OqP74aOf3F_qpRMa0P1gaR8L1,2026-01-19,A-56910d599edb,5,Отличный магазин! Отличный персонал! Доволь не плохой ассортимент продуктов на любой вкус! Молодцы!,Вы делаете нас лучше!,https://yandex.ru/maps/org/1016216449/reviews
PXR-0217,Перекрёсток,review_service,Yandex Maps,store card,241557372236,"Видное, Берёзовая ул., 8",c7-O04k6OhlmZTtJaa18XR-jbWfZHd,2026-01-21,A-966e7c2215a9,5,"Отличный, большой и чистый магазин с крутым ассортиментом, также хотел бы выразить благодарность сотруднику Лиле, за то, что вынесла со склада нужный мне товар, вы меня очень выручили!","Мы рады, что вам нравится в Перекрёстке!",https://yandex.ru/maps/org/241557372236/reviews
PXR-0218,Перекрёсток,review_service,Yandex Maps,store card,1011746989,"Санкт-Петербург, ул. Ефимова, 2",uUahnQRU22UDT14df6U2MLegxMhNu46W,2026-01-23,A-5af7b72aa3de,1,Это самый худший перекресток в санкт Петербурге официально 40 минут не могу рассчитаться,"Здравствуйте. Спасибо, что сообщили нам. Хотели бы запросить подробности и разобраться. Пожалуйста, напишите нам в личные сообщения группы ВКонтакте https://vk.com/perekrestok_shop или в Одноклассниках https://ok.ru/perekrestok.shop.",https://yandex.ru/maps/org/1011746989/reviews
PXR-0219,Перекрёсток,review_service,Yandex Maps,store card,150402629053,"Москва, ул. Грина, 7",II7BCyGjBmhcqDS6cGgHJ3ZQntxKkLNEQ,2026-01-26,A-5a6aa8ad6096,2,"Раньше всё было хорошо, но потом он закрылся на долгое время. Посл еоткрытия решил зайти. Всё очень подорожало! Во всех магазинах нет таких цен! На полу грязь, больше не пойду туда.","Здравствуйте, Андрей. Спасибо за то, что обратили наше внимание. Ни в коем случае не хотели вас разочаровать 😔 Напишите нам, пожалуйста, в личные сообщения группы ВКонтакте https://vk.com/perekrestok_shop или в Одноклассниках https://ok.ru/perekrestok.shop ✍️ Уточним детали, чтобы быстрее всё выяснить и разобраться 🙏",https://yandex.ru/maps/org/150402629053/reviews
PXR-0220,Перекрёсток,review_service,Yandex Maps,store card,1011746989,"Санкт-Петербург, ул. Ефимова, 2",QskwP5uqzyfkv9_wpfVp3dHhCjztHy,2026-01-28,A-513311b7ffe8,1,"Чеки кассовые не выдают , отвратительный магазин , бардак , обманули на 5 руб на кассе при оплате 103 руб с 1000руб отвратительное обслуживание","Здравствуйте. Спасибо, что сообщили нам. Хотели бы запросить подробности и разобраться. Пожалуйста, напишите нам в личные сообщения группы ВКонтакте https://vk.com/perekrestok_shop или в Одноклассниках https://ok.ru/perekrestok.shop.",https://yandex.ru/maps/org/1011746989/reviews
PXR-0221,Перекрёсток,review_service,Yandex Maps,store card,150402629053,"Москва, ул. Грина, 7",nADOtEKN5LD-nAmlvAV3ueDTpm5kzB,2026-01-28,A-f37e0d227497,1,"Что косаемо товаров все хорошо, после ремонта магазин очень понравился. Но, я понимаю снег, ковры мокрые, но зачем их класть в тележки для продуктов!!!! Не раз делала замечание работнику перекрестка. Каждый день продолжают это делать, если не понимают так, буду писать об этом выше! В этих тележках, люди возят продукты, как весовые так и детские товары!!! Очень не приятно!!!","Здравствуйте. Спасибо, что сообщили нам. Хотели бы запросить подробности и разобраться. Пожалуйста, напишите нам в личные сообщения группы ВКонтакте https://vk.com/perekrestok_shop или в Одноклассниках https://ok.ru/perekrestok.shop.",https://yandex.ru/maps/org/150402629053/reviews
PXR-0222,Перекрёсток,review_service,Yandex Maps,store card,1346437790,"Москва, Сормовская ул., 6",q9a-ochluXt5AHACOf6zI-zJJBztLb20b,2026-01-28,A-22f440fff12b,4,"Персонал приветливый и доброжелательный, работает круглосуточно это очень хорошо. Но один огромный минус, рядом с мясной продукцией постоянно пахнет тухлятиной, её там брать не рекомендую. А так ассортимент хороший","Здравствуйте. Спасибо, что оценили наш ассортимент. Хотим запросить подробности и разобраться в ситуации. Пожалуйста, напишите нам в личные сообщения группы ВКонтакте https://vk.com/perekrestok_shop или в Одноклассниках https://ok.ru/perekrestok.shop.",https://yandex.ru/maps/org/1346437790/reviews
PXR-0223,Перекрёсток,review_service,Yandex Maps,store card,1106270812,"Санкт-Петербург, Пражская ул., 48/50",xPZ7hLmmRjymKM9EcZQUUIXo8eLwCo,2026-01-29,A-c6d653c4e4f3,4,"Достаточно хороший магазин, но для себе выявила один яркий минус- это недоспелые или уже испорченные фрукты. Когда как бывают эти случаи.","Здравствуйте. Хотели бы запросить подробности и разобраться. Пожалуйста, напишите нам в личные сообщения группы ВКонтакте https://vk.com/perekrestok_shop или в Одноклассниках https://ok.ru/perekrestok.shop.",https://yandex.ru/maps/org/1106270812/reviews
PXR-0224,Перекрёсток,review_service,Yandex Maps,store card,107753056573,"Москва, Можайское ш., 31, корп. 1",9NuNEjJuLmq0_iO_07XmjAn-0MMMr1,2026-01-30,A-591745c9dfa1,5,"Почти через день захожу в этот магазин за покупками, очень удобно ,рядом с домом.Хочется отметить работу продавцов - кассиров, Хежевой Раметы и Мухиной Марины. Всегда предлагают товар по акции, всегда в хорошем настроении и с улыбкой, быстро обслуживают и приятно делать покупки у них, Спасибо за таких хороших сотрудников","Спасибо за отзыв! Рады, что вам нравится.",https://yandex.ru/maps/org/107753056573/reviews
PXR-0225,Перекрёсток,review_service,Yandex Maps,store card,150402629053,"Москва, ул. Грина, 7",3wzCiuo0xrwTa-RCl8v54f-45T75EjC2H,2026-01-31,A-ca9c90154216,5,"Замечательный, любимый магазин 👍",Ждём вас в наших супермаркетах!,https://yandex.ru/maps/org/150402629053/reviews
PXR-0226,Перекрёсток,review_service,Yandex Maps,store card,115894975781,"Москва, Сходненская ул., 56",oUil5qYDF529pata5e6hHbvbucUXiw7,2026-02-02,A-104e78bc2ffa,3,"В большинстве случаев нет свободных тележек, а корзинки катающиеся по полу не нравятся ( Просьба увеличить число тележек (нормальных) и добавить обычные корзинки","Здравствуйте. Спасибо, что сообщили нам об отсутствие тележек. Хотели бы запросить подробности и разобраться. Пожалуйста, напишите нам в личные сообщения группы ВКонтакте https://vk.com/perekrestok_shop или в Одноклассниках https://ok.ru/perekrestok.shop.",https://yandex.ru/maps/org/115894975781/reviews
PXR-0227,Перекрёсток,review_service,Yandex Maps,store card,1033549331,"Москва, ул. Покрышкина, 5",CmclDpz7eshBsoQlBUuf-0mTkxpB9B,2026-02-03,A-ca56368474fa,5,"большой магазин с огромным выбором, на кассах самообслуживания все быстро, большой выбор вина по адекватным ценам, только 1 вопрос - почему клубника 1.499😭😭😭😭","Спасибо за отзыв! Рады, что вам нравится.",https://yandex.ru/maps/org/1033549331/reviews
PXR-0228,Перекрёсток,review_service,Yandex Maps,store card,1106270812,"Санкт-Петербург, Пражская ул., 48/50",uL1mAB4abESy45LxoUucv7rESTaLSD,2026-02-03,A-63feed2fc34c,1,"Основной магазин в который я хочу, но который в последнее время меня крайне расстраивает. В первую очередь готовая еда, была крайне удобно покупать готовую еду экономя время, но в какой то момент качество сильно испортилось, картошка в пюре\изделиях несколько раз попадалась кислой(в день изготовления). В какие то дни вся готовая еда обладает почти истекшим сроком годности. Как то в доставке мне привезли пиццу с истекшим сроком годности. Продолжая тему доставок, сборщики совершенно забили на то, что отсутствии товара надо звонить. Они сначала звонили и молчали как маньяки, чтобы была галочка что они позвонили, а потом решили вовсе развести лоха, не класть товары и не вычеркивать их из чека, мне за один вечер дважды не довезли продукты, и это еще при условии, что доставку периодически задерживают. Периодически попадают товары , что не пробиваются товары на кассе. Фрукты и ягоды могут попадаться уже подгнившие.","Здравствуйте, Никита. Для нас крайне важно, чтобы наш сервис оставлял у вас только положительные эмоции. Огорчены, что не оправдали ваших ожиданий 😔 Позвольте разобраться в причинах возникшей ситуации. Свяжитесь, пожалуйста, с нами в личных сообщениях группы ВКонтакте https://vk.com/perekrestok_shop или в Одноклассниках https://ok.ru/perekrestok.shop и расскажите обо всём подробнее. Проведём проверку 🕵️‍♀️",https://yandex.ru/maps/org/1106270812/reviews
PXR-0229,Перекрёсток,review_service,Yandex Maps,store card,241557372236,"Видное, Берёзовая ул., 8",XvM0m6P607dfNp7U5bW2NTgx-zLmjYYO9,2026-02-04,A-cf1890134909,1,"По моему мнению, после ремонта расстановка товаров и отделов стала непонятной, хотя возможно это дело привычки. В магазине по прежнему чисто и просторно… но вынужден снизить оценку из за ужасной на мой взгляд парковки: выезжал с парковки пол часа, выезд фактически упирается во дворы жилого района и разъехаться с местными машинами задача та еще… зимой это тихий ужас… в следующий раз выберу другой магазин с более удобной парковкой…","Здравствуйте. Благодарим, что поделились информацией. Обратная связь для нас очень важна. Напишите нам, пожалуйста, в личные сообщения группы ВКонтакте https://vk.com/perekrestok_shop или в Одноклассниках https://ok.ru/perekrestok.shop. Уточним детали и во всём разберёмся 👌",https://yandex.ru/maps/org/241557372236/reviews
PXR-0230,Перекрёсток,review_service,Yandex Maps,store card,1011746989,"Санкт-Петербург, ул. Ефимова, 2",uWSSMwmRgWvuVlG0UOOALVyKS7sRcut,2026-02-04,A-d588459ab2ac,1,Нерусские охранники это самое ужасное что есть в этом магазине. Максимально мерзкий магазин с завышенными ценами. Рядом магнит в котором цены дешевле. В мясном/рыбном отделе вонь всегда как будто там что то сдохло. Грязь. Вообщем отвратительный магазин. Даже судя по отзывам здесь видно что руководство этого магазина не вникает во все это и исправлять ничего не планирует.,"Здравствуйте, Родион. Спасибо, что поделились своим мнением. Обратная связь для нас очень важна. Напишите нам, пожалуйста, в личные сообщения группы ВКонтакте https://vk.com/perekrestok_shop или в Одноклассниках https://ok.ru/perekrestok.shop ✍️ Уточним некоторый моменты и обязательно всё проверим 🕵️‍♀️",https://yandex.ru/maps/org/1011746989/reviews
PXR-0231,Перекрёсток,review_service,Yandex Maps,store card,1011746989,"Санкт-Петербург, ул. Ефимова, 2",QBh4jOfk9ujIAur4Iy-VkJlwnV4qFaIFV,2026-02-07,A-f6f7d8ad57dc,5,"Очень приятные сотрудницы, приветливые и внимательные. В магазине чистота и порядок.","Спасибо, нам очень приятно!",https://yandex.ru/maps/org/1011746989/reviews
PXR-0232,Перекрёсток,review_service,Yandex Maps,store card,1033549331,"Москва, ул. Покрышкина, 5",lFnS3QfXw-pC5shG4pqhCPkFm3wYt8gY8,2026-02-08,A-70dd31515063,5,"Отличная кофейная зона, отличные напитки, позволяет понять за чем пришел😄",Спасибо за приятный отзыв! Всегда рады видеть вас в нашем супермаркете.,https://yandex.ru/maps/org/1033549331/reviews
PXR-0233,Перекрёсток,review_service,Yandex Maps,store card,1106270812,"Санкт-Петербург, Пражская ул., 48/50",7e4ntg7hg83gZe2jwrZQ-fMisyeaJ1aC,2026-02-09,A-2d33d0fcb5c5,1,"Отвратительный магазин,сотрудники хамят,на рабочем месте никого нет!","Здравствуйте. Мы ценим каждого клиента и стремимся поддерживать высокий уровень сервиса, поэтому ваш отзыв стал для нас поводом для огорчения 😔 Напишите нам, пожалуйста, в личные сообщения группы ВКонтакте https://vk.com/perekrestok_shop или в Одноклассниках https://ok.ru/perekrestok.shop ✍️ Мы обязательно во всём разберёмся 🕵️‍♀️",https://yandex.ru/maps/org/1106270812/reviews
PXR-0234,Перекрёсток,review_service,Yandex Maps,store card,107753056573,"Москва, Можайское ш., 31, корп. 1",-sp5Vy3xivf4kTGnp5Jud3On43H8is5H,2026-02-10,A-8e9f50728f67,4,Обычная пятерочка,"Здравствуйте. Спасибо за отзыв. Если у вас есть замечания или пожелания, пожалуйста, напишите нам в личные сообщения группы ВКонтакте https://vk.com/perekrestok_shop или в Одноклассниках https://ok.ru/perekrestok.shop.",https://yandex.ru/maps/org/107753056573/reviews
PXR-0235,Перекрёсток,review_service,Yandex Maps,store card,1033549331,"Москва, ул. Покрышкина, 5",dAgzzoSEMiTXoho1UTM4NX1u6r-WcN,2026-02-10,A-be1f42911601,5,"Прекрасный магазин, персонал очень хороший, вежливый. У магазина широкий ассортимент, есть некоторые товары, не представленные в других точках этой сети. Очень удобное расположение, отдельный плюс- круглосуточная работа, очень удобно забежать перед утренними парами",Спасибо за выбор нашей сети и такой чудесный отзыв!,https://yandex.ru/maps/org/1033549331/reviews
PXR-0236,Перекрёсток,review_service,Yandex Maps,store card,108942729577,"Кисловодск, просп. Победы, 6",v4LHfcRDCp_EFBqOPJT2uNE4s7Xad-,2026-02-10,A-ee2b6e84d1fb,5,"Обожаем этот магазин, отличный ассортимент и цены",Спасибо за приятный отзыв! Всегда рады видеть вас в нашем супермаркете.,https://yandex.ru/maps/org/108942729577/reviews
PXR-0237,Перекрёсток,review_service,Yandex Maps,store card,241557372236,"Видное, Берёзовая ул., 8",1Gt0LCQu7WkMGp-Osco5DPTIe8Kz_nK,2026-02-11,A-77751e7da067,5,"Перекресток достаточно большой, выбор товара тоже. Бывает проблема с парковкой в выходные.",Спасибо за отзыв и высокую оценку! Для нас это важно.,https://yandex.ru/maps/org/241557372236/reviews
PXR-0238,Перекрёсток,review_service,Yandex Maps,store card,1016216449,"Москва, Старокачаловская ул., 1Б",dJTFo5z15V-7u3DbS_JLG9lfhQ48fHI,2026-02-11,A-9f4ef0a6fa62,5,"Отличный магазин с широким ассортиментом,своей пекарней Есть рядом парковка Очередей обычно нет!",Спасибо за выбор нашей сети и такой чудесный отзыв!,https://yandex.ru/maps/org/1016216449/reviews
PXR-0239,Перекрёсток,review_service,Yandex Maps,store card,108942729577,"Кисловодск, просп. Победы, 6",4BykKBI1w0NfvXnrS0XYdEM2r2q6eE,2026-02-14,A-4dd16c45303c,1,"Отлично, с плесенью вкуснее))) просто ни одного контейнера без плесени, постыдились бы))) надо писать в санпин и роспотребнадзор","Здравствуйте. Расстроены, что вам пришлось столкнуться с товарами такого качества. Хотим запросить подробности и разобраться в ситуации. Пожалуйста, напишите нам в личные сообщения группы ВКонтакте https://vk.com/perekrestok_shop или в Одноклассниках https://ok.ru/perekrestok.shop.",https://yandex.ru/maps/org/108942729577/reviews
PXR-0240,Перекрёсток,review_service,Yandex Maps,store card,241557372236,"Видное, Берёзовая ул., 8",BYjMH8yG_N-UM7WfhaUo48Vhbr86496E,2026-02-14,A-a32b7f9dd822,5,"Хороший магазин, никогда нет просрочки . у магазине очень чисто, чему многим стоит поучиться. Цены приемлемые, а самое главное нет огромных очередей",Благодарим за отзыв! Стараемся для вас.,https://yandex.ru/maps/org/241557372236/reviews
PXR-0241,Перекрёсток,review_service,Yandex Maps,store card,1346437790,"Москва, Сормовская ул., 6",IeGm-6mlR0wLp5Psb2iXKkuBGWCp5S_,2026-02-14,A-c0cc13721b66,2,"Могу предположить, что положительные отзывы в большей степени от знакомых или родни сотрудников. Очень много испорченных товаров, начиная от зелени, заканчивая сыром и колбасой . Много испорченных фруктов, их не перебирают, сыр часто в плесени, колбаса на грани . На готовую еду и курицу с мясом вразвес страшно смотреть, не то чтоб есть это. Ходим в этот магазин по большому счету из за отсутствия рядом альтернативы","Здравствуйте. Спасибо за обратную связь! Мы хотим провести проверку. Пожалуйста, напишите нам в личные сообщения группы ВКонтакте https://vk.com/perekrestok_shop или в Одноклассниках https://ok.ru/perekrestok.shop.",https://yandex.ru/maps/org/1346437790/reviews
PXR-0242,Перекрёсток,review_service,Yandex Maps,store card,241557372236,"Видное, Берёзовая ул., 8",vXq2R2P-PqZXGeQm9WNmvsFNkNuyds,2026-02-14,A-d8072a524cc6,1,"сегодня с ребенком купили какао в селекте, очень горькое невкусное, бабушка на кассе недовольным лицом еле обслужила, а круассаны твердые будто лежали несколько дней, проверьте пожалуйста сроки годности, либо надо пригласить рос потреб!","Здравствуйте. Расстроены, что вам пришлось столкнуться с подобным в нашем супермаркете. Хотим запросить подробности и разобраться в ситуации. Пожалуйста, напишите нам в личные сообщения группы ВКонтакте https://vk.com/perekrestok_shop или в Одноклассниках https://ok.ru/perekrestok.shop.",https://yandex.ru/maps/org/241557372236/reviews
PXR-0243,Перекрёсток,review_service,Yandex Maps,store card,1033549331,"Москва, ул. Покрышкина, 5",y0WjnAxh5Yn9EX2f5MOUO5EbVm4jYr,2026-02-14,A-cbe3d1c94301,1,"Кассы ночью все были закрыты на 45 минут,толпа людей. Продавцы не то что хамят, а напрямую оскорбляют посетителей. Неприятно.","Здравствуйте. Расстроены, что вам пришлось столкнуться с подобным в нашем супермаркете. Хотим запросить подробности и разобраться в ситуации. Пожалуйста, напишите нам в личные сообщения группы ВКонтакте https://vk.com/perekrestok_shop или в Одноклассниках https://ok.ru/perekrestok.shop.",https://yandex.ru/maps/org/1033549331/reviews
PXR-0244,Перекрёсток,review_service,Yandex Maps,store card,241557372236,"Видное, Берёзовая ул., 8",rF3bt7Hng-y3BQlh2DyTJ1D8Cvm2h55H4,2026-02-16,A-754557a5e46b,1,"Раньше свежая выпечка всегда была с раннего утра. Теперь даже в 8.30 пустые полки, в то время, когда люди покупают продукты к завтраку. В кафе при магазине в это же время круассаны не сегодняшние по словам продавца. Очень странный подход магазина. Дополняют отзыв. Не очень понятно зачем магазин предлагает в ответ написать в соц сети, чтобы узнать подробности. Если в отзыве написано что, где и во сколько отсутствовало. Прошло время ситуация не меняется.","Здравствуйте. По-прежнему хотим разобраться в ситуации, для этого нужны подробности. Пожалуйста, напишите нам в личные сообщения группы ВКонтакте https://vk.com/perekrestok_shop или в Одноклассниках https://ok.ru/perekrestok.shop.",https://yandex.ru/maps/org/241557372236/reviews
PXR-0245,Перекрёсток,review_service,Yandex Maps,store card,241557372236,"Видное, Берёзовая ул., 8",yOkQKyhhpfGGXImOYF32tqZEnlZhKDg,2026-02-16,A-0b0257878a04,5,"Выбор просто огромен, мне нравится 👍","Спасибо, нам очень приятно!",https://yandex.ru/maps/org/241557372236/reviews
PXR-0246,Перекрёсток,review_service,Yandex Maps,store card,1011746989,"Санкт-Петербург, ул. Ефимова, 2",bkAof2Avtp1V9LYQLJmm0VCHnyXAGm,2026-02-18,A-aa40bb3ad9d6,2,"Что это!!?? 🤡🤯 Квест из форта Боярд!? Не иначе...)))) Я не пользователь доставки перекрёстка, но пришло тут мне заманчивое предложение 🤑🤑🤑в пол-цены скидки от суммы первого заказа🤔. Набрал, значит, корзину. Применяю промокод и....🥳 фигушки. Говорит, не выполнил условия купона👻. Посмотрите, мол, товары исключения по ссылке. Ладно, не вопрос.. Я, типа, не ленивый👨‍🎓, открываю.. и.....😶‍🌫...ëшкин дры-ы-ын, 19 листов мелким шрифтом товаров исключений🤬))) Та-да-а))) Товарищи!! кто давно не тренировал мозг и не разгадывал бабушкины сканворды - всем сюда)) В общем я понял, что все-таки ленивый и бросил это гиблое дело, так и не став почётным пользователем доставки. Пожалуй, сберегу здоровье этой самой доставки)) А то мороз всё же 🥶🥶🥶","Здравствуйте. Спасибо за обратную связь! Огорчены, что не смогли оправдать ваших ожиданий 😔 Напишите нам, пожалуйста, в личные сообщения группы Вконтакте https://vk.com/perekrestok_shop или в Одноклассниках https://ok.ru/perekrestok.shop. Уточним некоторые моменты и всё проверим 👀",https://yandex.ru/maps/org/1011746989/reviews
PXR-0247,Перекрёсток,review_service,Yandex Maps,store card,1033549331,"Москва, ул. Покрышкина, 5",duRHvwIMk67My5O5SpiQMGX_NUzfDYN,2026-02-18,A-e2a395a91390,3,Магазин сам по себе прекрасный 5/5 Но сотрудников магазина меня сегодня немного ограбили а именно сотрудник елена кассир которая обслужила меня некачественно хамила торопила меня мне не понравилась ток что 3 а могло бы быть и две звезды,"Здравствуйте. Спасибо, что сообщили нам о ситуации с кассиром. Хотели бы запросить подробности и разобраться. Пожалуйста, напишите нам в личные сообщения группы ВКонтакте https://vk.com/perekrestok_shop или в Одноклассниках https://ok.ru/perekrestok.shop.",https://yandex.ru/maps/org/1033549331/reviews
PXR-0248,Перекрёсток,review_service,Yandex Maps,store card,1106270812,"Санкт-Петербург, Пражская ул., 48/50",A_qMis3jhRHPP3MeCOE0N90if3ZFe60W7,2026-02-19,A-eb73b0a6c33c,5,"Удобный перекрёсток, два входа и со стороны комплекса внутри и отдельный с улицы. Напротив всегда можно припарковаться даже на грузовой машине. Сам магазин большой, ассортимент соответственно тоже.",Спасибо за ваш отзыв! Будем рады снова видеть вас в нашем супермаркете.,https://yandex.ru/maps/org/1106270812/reviews
PXR-0249,Перекрёсток,review_service,Yandex Maps,store card,150402629053,"Москва, ул. Грина, 7",FBhgCn9noPeYjJ-n9SeXn0Ed848399MzA,2026-02-19,A-8132bae75cd1,1,"Зачем вам не работающая кофе машина, продайте мне, или выбросите на помойку, зря место занимает. Она же вечно у вас на ремонте. 😭😭😭😭😭😭😭","Здравствуйте. Спасибо, что сообщили нам. Хотели бы запросить подробности и разобраться. Пожалуйста, напишите нам в личные сообщения группы ВКонтакте https://vk.com/perekrestok_shop или в Одноклассниках https://ok.ru/perekrestok.shop.",https://yandex.ru/maps/org/150402629053/reviews
PXR-0250,Перекрёсток,review_service,Yandex Maps,store card,241557372236,"Видное, Берёзовая ул., 8",Fd9nRBC77Kr0oOr_ERWLKHqMeU1H2zq,2026-02-20,A-13541f1ad5b2,1,"Товар со скидкой 40% не пробивается ни на одной кассе. 20 минут ждал пока решать эту проблему, не решили, ушёл без еды, спасибо.","Здравствуйте. Спасибо, что сообщили нам. Хотели бы запросить подробности и разобраться. Пожалуйста, напишите нам в личные сообщения группы ВКонтакте https://vk.com/perekrestok_shop или в Одноклассниках https://ok.ru/perekrestok.shop.",https://yandex.ru/maps/org/241557372236/reviews
PXR-0251,Перекрёсток,review_service,Yandex Maps,store card,1011746989,"Санкт-Петербург, ул. Ефимова, 2",HpYsIQPAWfa_aU8cSBLyitmDroOQi7sQI,2026-02-20,A-28eaba2141f2,1,"персонал. остальные отзывы, похоже, накрученные. хамят практически все. адекватные есть, но они в меньшинстве. держитесь","Здравствуйте. Мы ценим каждого клиента и стремимся поддерживать высокий уровень сервиса, поэтому ваш отзыв стал для нас поводом для огорчения 😔 Напишите нам, пожалуйста, в личные сообщения группы ВКонтакте https://vk.com/perekrestok_shop или в Одноклассниках https://ok.ru/perekrestok.shop ✍️ Мы обязательно во всём разберёмся 🕵️‍♀️",https://yandex.ru/maps/org/1011746989/reviews
PXR-0252,Перекрёсток,review_service,Yandex Maps,store card,1346437790,"Москва, Сормовская ул., 6",UoX5iBUkZ-ydeMqWlFyhv5ofT97-2FvzN,2026-02-20,A-13c26b8695cf,1,"запретили парковку, нет парковки, нет смысла ездить. В отделе мясо постоянно отсутствует продавец, видимо на персонале экономят. Очереди. Ценники не соответствуют.","Здравствуйте. Хотели бы запросить подробности и разобраться. Пожалуйста, напишите нам в личные сообщения группы ВКонтакте https://vk.com/perekrestok_shop или в Одноклассниках https://ok.ru/perekrestok.shop.",https://yandex.ru/maps/org/1346437790/reviews
PXR-0253,Перекрёсток,review_service,Yandex Maps,store card,107753056573,"Москва, Можайское ш., 31, корп. 1",r6j8LppFI3nbOzpMj834L4ZJfCSqLZq,2026-02-20,A-9ec26222d6ed,5,"Отличный магазин, нашла даже то, что привозила из Европы. Все аккуратно и в порядке и всегда помогут",Благодарим за отзыв! Стараемся для вас.,https://yandex.ru/maps/org/107753056573/reviews
PXR-0254,Перекрёсток,review_service,Yandex Maps,store card,1346437790,"Москва, Сормовская ул., 6",CnFCIqQaVkHPGr0rf-aApptO-uYdAi,2026-02-22,A-edf4bc3edef8,1,"в магазин хожу много лет, в целом магазин хороший, персонал и директор это ужас, директор некомпетентная, не решает проблемы и хамит, избегайте какой либо контакт с ней, она неуравновешенная","Здравствуйте. Расстроены, что вам пришлось столкнуться с подобным в нашем супермаркете. Хотим запросить подробности и разобраться в ситуации. Пожалуйста, напишите нам в личные сообщения группы ВКонтакте https://vk.com/perekrestok_shop или в Одноклассниках https://ok.ru/perekrestok.shop.",https://yandex.ru/maps/org/1346437790/reviews
PXR-0255,Перекрёсток,review_service,Yandex Maps,store card,115894975781,"Москва, Сходненская ул., 56",8mJoWx3k8QvLMOE5cu7J5No2aEUA2B,2026-02-23,A-47d11d0fa5bf,5,"Отличный магазин с большим ассортиментом. Электронные ценники и терминалы удалённого подтверждения — всё организовано удобно и современно, действительно образцовый подход к работе. Отдельно хотелось бы положительно отметить сотрудника СМ — Николая Ершова. Очень вежливый и внимательный специалист, который быстро консультирует, помогает сориентироваться и оперативно решает вопросы у касс самообслуживания — его не приходится ждать. Побольше бы таких профессиональных и отзывчивых сотрудников!",Благодарим за развернутый отзыв и хорошую оценку!,https://yandex.ru/maps/org/115894975781/reviews
PXR-0256,Перекрёсток,review_service,Yandex Maps,store card,241557372236,"Видное, Берёзовая ул., 8",_7rEouBupas70EvLCm-aJqJr0xD_HvB,2026-02-25,A-4d5b12f7e5b0,5,"Хороший магазин, просторный. Большой ассортимент. Просрочки тут не видел. Персонал в целом приятный (хотя есть исключения).","Мы рады, что вам нравится в Перекрёстке!",https://yandex.ru/maps/org/241557372236/reviews
PXR-0257,Перекрёсток,review_service,Yandex Maps,store card,241557372236,"Видное, Берёзовая ул., 8",jyzuOvSciBvpcill9FDiRz-VJ__udQ,2026-02-26,A-0c01f4d5e847,5,"Большой хороший супермаркет с огромным выбором товаров, после ремонта стало ещё лучше! Есть большая парковка",Спасибо за ваш отзыв! Будем рады снова видеть вас в нашем супермаркете.,https://yandex.ru/maps/org/241557372236/reviews
PXR-0258,Перекрёсток,review_service,Yandex Maps,store card,1346437790,"Москва, Сормовская ул., 6",Dob8a5KWrypE4rWkUWfck6VLAdr2Rp,2026-02-27,A-4767cd04dfaf,1,"Заказан был самовывоз, приехал спустя 2 часа они даже не начали собирать","Здравствуйте. Спасибо, что сообщили нам. Хотели бы запросить подробности и разобраться. Пожалуйста, напишите нам в личные сообщения группы ВКонтакте https://vk.com/perekrestok_shop или в Одноклассниках https://ok.ru/perekrestok.shop.",https://yandex.ru/maps/org/1346437790/reviews
PXR-0259,Перекрёсток,review_service,Yandex Maps,store card,1033549331,"Москва, ул. Покрышкина, 5",qkTfDdZ2CHabI65g-SyntDmh4jAfRfGxZ,2026-02-27,A-cde8f52b63aa,1,ЗАКРЫЛИ КАССЫ РАНЬШЕ ВРЕМЕНИ!! НАХАМИЛИ!! НЕ ХОДИТЕ,"Здравствуйте. Расстроены, что вам пришлось столкнуться с подобным в нашем супермаркете. Хотим запросить подробности и разобраться в ситуации. Пожалуйста, напишите нам в личные сообщения группы ВКонтакте https://vk.com/perekrestok_shop или в Одноклассниках https://ok.ru/perekrestok.shop.",https://yandex.ru/maps/org/1033549331/reviews
PXR-0260,Перекрёсток,review_service,Yandex Maps,store card,1106270812,"Санкт-Петербург, Пражская ул., 48/50",et6V_xMn1LsL8ppPBzdMHldWxjZIe5KFy,2026-03-01,A-a550b495fd15,1,"сотрудники кафе отвратительно относиться к клиентам, ходят без перчаток постоянно трогая телефон,обращаются на ты в указательном тоне особенно не понравилась Анна плясова","Здравствуйте. Хотели бы запросить подробности и разобраться. Пожалуйста, напишите нам в личные сообщения группы ВКонтакте https://vk.com/perekrestok_shop или в Одноклассниках https://ok.ru/perekrestok.shop.",https://yandex.ru/maps/org/1106270812/reviews
PXR-0261,Перекрёсток,review_service,Yandex Maps,store card,241557372236,"Видное, Берёзовая ул., 8",hAfQ4h3EyC2P2NaCG7DA_USxZ6vChz,2026-03-02,A-316a78f02863,1,Вообще очень грязный магазин начиная с овощного отдела. Вот лицо магазина. Входная зона и этот грязный овощной отдел. Дальше говорить не о чем.,"Здравствуйте. Расстроены, что вам пришлось столкнуться с подобным в нашем супермаркете. Хотим запросить подробности и разобраться в ситуации. Пожалуйста, напишите нам в личные сообщения группы ВКонтакте https://vk.com/perekrestok_shop или в Одноклассниках https://ok.ru/perekrestok.shop.",https://yandex.ru/maps/org/241557372236/reviews
PXR-0262,Перекрёсток,review_service,Yandex Maps,store card,107753056573,"Москва, Можайское ш., 31, корп. 1",QdPuzbNlInKfh9eD829Vi0_3JZbEfgU,2026-03-03,A-ddf2cfbc0266,2,"В магазине всегда работает одна касса и там часто очереди. Поэтому покупаю в кассах самообслуживания. Уже не первый раз сталкиваюсь возле касс самообслуживания с сотрудницей, которая не хочет помогать людям, пытается спорить с людьми. Сегодня попросила её помочь пробить товар, который никак не пробивался. Вместо помощи она попыталась ещё сделать мне замечание. Хорошо что подошёл другой сотрудник, который пробил товар. Неделю назад была в этом магазине, где на кассе самообслуживания товар пробился без скидки. Я этой же сотруднице сказала, что анулируйте товар из моего заказа или пробейте его по скидке. Она мне ответила идите принесите ценник. Гонять людей в этом магазине норма, как и несоответствие ценников. Поведение ценного специалиста неуважительно по отношению к покупателю. И портит репутацию магазина.","Здравствуйте. Спасибо за то, что доверили нам свои переживания. Мы всегда прислушиваемся к нашим клиентам. Пожалуйста, напишите нам в личные сообщения группы ВКонтакте https://vk.com/perekrestok_shop или в Одноклассниках https://ok.ru/perekrestok.shop ✍️ Необходимо немного больше информации для проверки. Будем благодарны, если вы её предоставите 👌",https://yandex.ru/maps/org/107753056573/reviews
PXR-0263,Перекрёсток,review_service,Yandex Maps,store card,107753056573,"Москва, Можайское ш., 31, корп. 1",9mSXtEq3NhmsccD2eBNfss2bhqox0A_5x,2026-03-05,A-77e3a18e0fe7,3,"Сейчас, уже весна 5.03.26 Спасибо руководству Перекрестка. Читаете и действительно работаете над ошибками, как грубо и не звучало. Недавно была в перекрестке и уже не увидела горы льда, о которых писала. Сейчас приятней находиться в магазине. Да, есть к чему еще приложить руку, однако стало в разы лучше. Спасибо большое, что обратили своё внимание на мой отзыв. Прошу обратить внимание на ягоды/фрукты и овощи. Иногда покупатели ведут себя странно и плохо. Следите, пожалуйста 🙏 неприятно, после невоспитанных граждан и не граждан, покупать мятые продукты. Особенно проблема с клубникой … люди прям при мне открывали несколько упаковок и своими пальцами трогали всё. Писала отзыв летом 2025: Сказать в шоке от данного перекрестка-ничего не сказать. Магазин напоминает рынок. От сотрудников(некоторые даже по-русски не говорят) до морозильных камер. Вы обратили внимание как замороженные продукты лежат ? Мороженое навалено, лед в холодильнике можно выгребать ложками. Перекресток всегда был достойным магазином, но этот перекресток, ниже уровня рынка. Если вам необходимо сравнение - поезжайте в ясенево. Там 4 перекрестка в идеальном состоянии. Посмотрите и Поучитесь. Наверное, все зависит от руководства…","Здравствуйте. Спасибо за то, что поделились своими впечатлениями. Если у вас есть замечания или пожелания к супермаркету торговой сети ""Перекрёсток"", напишите, пожалуйста, в личные сообщения группы ВКонтакте https://vk.com/perekrestok_shop или в Одноклассниках https://ok.ru/perekrestok.shop ✍",https://yandex.ru/maps/org/107753056573/reviews
PXR-0264,Перекрёсток,review_service,Yandex Maps,store card,108942729577,"Кисловодск, просп. Победы, 6",AiwFGiRJHj5bkk0IV7qkFoj0eBlplX_e,2026-03-05,A-71ad6f49ae95,5,"Хороший магазин, всё в наличии","Спасибо за отзыв! Рады, что вам нравится.",https://yandex.ru/maps/org/108942729577/reviews
PXR-0265,Перекрёсток,review_service,Yandex Maps,store card,241557372236,"Видное, Берёзовая ул., 8",WHzsSMclaS_PxjXWZc4fVYFiwt8ryU0,2026-03-05,A-63100cd436e4,1,"05.03.2026г. Как пройти мамам с колясками, если дорожки к магазину не чищены, а пандус для колясок завален снегом. Еле дошла до магазина, развернулась и ушла, так в него и не попав. Почему не думаете о категории граждан с колясками?","Здравствуйте. Благодарим, что поделились информацией. Обратная связь для нас очень важна. Напишите нам, пожалуйста, в личные сообщения группы ВКонтакте https://vk.com/perekrestok_shop или в Одноклассниках https://ok.ru/perekrestok.shop. Уточним детали и во всём разберёмся 👌",https://yandex.ru/maps/org/241557372236/reviews
PXR-0266,Перекрёсток,review_service,Yandex Maps,store card,1011746989,"Санкт-Петербург, ул. Ефимова, 2",mNjSvHxLt7wu2EiaKefoAgH1nbuzpP,2026-03-05,A-71bdfbf4ba0e,4,"Беда с ценниками. И сложилось такое впечатление, что сотрудники не держат связь со своим руководством. Как будто одни отдельно, другие отдельно. Отсутствие должной коммуникации между сотрудниками и создает такой бардак в магазине. И хромает дисциплина. А так люблю этот магазин. Есть в нем особая атмосфера.","Здравствуйте. Спасибо, что сообщили нам. Хотели бы запросить подробности и разобраться. Пожалуйста, напишите нам в личные сообщения группы ВКонтакте https://vk.com/perekrestok_shop или в Одноклассниках https://ok.ru/perekrestok.shop.",https://yandex.ru/maps/org/1011746989/reviews
PXR-0267,Перекрёсток,review_service,Yandex Maps,store card,1011746989,"Санкт-Петербург, ул. Ефимова, 2",EbPoodWJVGcLn91fvSi6EevRV0fvXw,2026-03-06,A-1f4a912f4ace,1,"Закупались в перекрестке, не взяли чек с кассы. Подошел мужчина не представился, начал говорить, что все украли и фотографировать меня( хотя не было согласия, угрожать полицией. Всегда закупался в перекрестке, сильно огорчили, называли воришками и другими обзывательствами.","Здравствуйте. Расстроены, что вам пришлось столкнуться с подобным в нашем супермаркете. Хотим запросить подробности и разобраться в ситуации. Пожалуйста, напишите нам в личные сообщения группы ВКонтакте https://vk.com/perekrestok_shop или в Одноклассниках https://ok.ru/perekrestok.shop.",https://yandex.ru/maps/org/1011746989/reviews
PXR-0268,Перекрёсток,review_service,Yandex Maps,store card,108942729577,"Кисловодск, просп. Победы, 6",GOGQXeIeiWQ-r482JDjrFF92l8OtZvIH,2026-03-07,A-d4611b8b1a01,1,07.03.2026. Отвратительно. Не первый раз вижу как на продаже пропавшее мясо.,"Здравствуйте. Расстроены, что вам пришлось столкнуться с товарами такого качества. Хотим запросить подробности и разобраться в ситуации. Пожалуйста, напишите нам в личные сообщения группы ВКонтакте https://vk.com/perekrestok_shop или в Одноклассниках https://ok.ru/perekrestok.shop.",https://yandex.ru/maps/org/108942729577/reviews
PXR-0269,Перекрёсток,review_service,Yandex Maps,store card,115894975781,"Москва, Сходненская ул., 56",UkWkzOjDBrhlbSxQrOiuK0tIJSO62jgd,2026-03-07,A-4adb27b17ec4,1,"Отвратительный магазин,грязь, вонь, плохой менеджер, который даже не соизволил придти по моей просьбе, чтобы решить проблему Пакетов для овощей нету, никто ничего не знает Уборщицы стоят за колоннами от камер в телефонах. За прилавком никого нету. Просишь отрезать сыр, т к закончились нарезанные куски. Думаете девушка пошла и отрезала нужный кусок??? Нет конечно она начала шерстить весь прилавок с сыром ,искать тот сыр который мне нужен, параллельно доказывая что он там есть, просто я плохо смотрел. Итог: стояла с недовольными щами нарезала кусок сыра. Тележек нету вообще никаких, их забирают покупатели и развозят по парковке или по тц Хорошо, без проблем, ну пускай тогда ""охрана"" которая стоит на входе и ничего не может, как они сказали, мы здесь просто для виду стоим и это не наша работа. Так пускай эти ненужные люди ходят по тц и собирают телеги","Здравствуйте. Расстроены, что вам пришлось столкнуться с подобным в нашем супермаркете. Хотим запросить подробности и разобраться в ситуации. Пожалуйста, напишите нам в личные сообщения группы ВКонтакте https://vk.com/perekrestok_shop или в Одноклассниках https://ok.ru/perekrestok.shop.",https://yandex.ru/maps/org/115894975781/reviews
PXR-0270,Перекрёсток,review_service,Yandex Maps,store card,1033549331,"Москва, ул. Покрышкина, 5",pdA6ESjYplYRwkSK2dYs9yQ1HCWnhw-d2,2026-03-08,A-12bf2f2b82c8,5,"Бариста Оксана,супер,отношения к покупателю супер",Спасибо за приятный отзыв! Всегда рады видеть вас в нашем супермаркете.,https://yandex.ru/maps/org/1033549331/reviews
PXR-0271,Перекрёсток,review_service,Yandex Maps,store card,1011746989,"Санкт-Петербург, ул. Ефимова, 2",AXzWQYeX0AK-s7IM5eZ1AsYZBAq6rl,2026-03-10,A-3da1f6e25f0a,1,"Данный перекресток кидает своих исполнителей(самозанятых). Судя по всему в связи с проверкой роспотребнадзора которая была во время моей смены, магазин штрафанулм, поэтому они просто не выплачивают деньги уже 7 дней","Здравствуйте. Хотели бы запросить подробности и разобраться. Пожалуйста, напишите нам в личные сообщения группы ВКонтакте https://vk.com/perekrestok_shop или в Одноклассниках https://ok.ru/perekrestok.shop.",https://yandex.ru/maps/org/1011746989/reviews
PXR-0272,Перекрёсток,review_service,Yandex Maps,store card,1106270812,"Санкт-Петербург, Пражская ул., 48/50",zmXDxSb3rB_ZYWVSK-gWh9oFNNhHihmb,2026-03-10,A-e8388cda16db,2,"На товар последнего дня предлагают скидку, с которой он ДОРОЖЕ товара по обычной еженедельной скидке, потрясающая жадность со стороны владельцев. Также беспорядок, регулярно цена на кассе не соответствует ценнику (который теперь часто закреплён так, что даже не принести к кассе, чтобы сотруднику продемонстрировать), часто и работники помочь не могут, потому что сниженная цена заявлена, а в системе такого нет.","Здравствуйте. Спасибо, что нашли время написать отзыв. Мы ценим обратную связь. Расскажите, пожалуйста, подробнее в личных сообщениях группы ВКонтакте https://vk.com/perekrestok_shop или в Одноклассниках https://ok.ru/perekrestok.shop ✍️ Во всём разберёмся 🙌",https://yandex.ru/maps/org/1106270812/reviews
PXR-0273,Перекрёсток,review_service,Yandex Maps,store card,107753056573,"Москва, Можайское ш., 31, корп. 1",FtIb7ccVwV-fSexmtBGFDqzffKqHsEvRW,2026-03-12,A-7916310b74eb,3,"Крайне редко захожу в этот магазин, так как зачастую товары перепутаны, стоит неприятный запах, сталкивалась с грубым общением кассиров (попросила выдать заказ Ламода (выдача только на кассе была доступна) - просьба была встречена с закатыванием глаз, цоканьем и грубостью. Я всегда очень вежлива, такое отношение поражает!","Здравствуйте. Расстроены, что у вас сложилось такое впечатление о нашем супермаркете. Хотим запросить подробности и разобраться в ситуации. Пожалуйста, напишите нам в личные сообщения группы ВКонтакте https://vk.com/perekrestok_shop или в Одноклассниках https://ok.ru/perekrestok.shop.",https://yandex.ru/maps/org/107753056573/reviews
PXR-0274,Перекрёсток,review_service,Yandex Maps,store card,115894975781,"Москва, Сходненская ул., 56",zXZXvn-Hv9tPVgBZgV6By6KxC_ZPSu,2026-03-12,A-ce662e46937b,1,"Сегодня Пришел за колбасой в перекресток, В шаге от меня пробежала мышка или маленький грызун ( крыска). А это разносчики заразы. Куда смотрят руководство ?! Давно","Здравствуйте. Расстроены, что вам пришлось столкнуться с подобным в нашем супермаркете. Хотим запросить подробности и разобраться в ситуации. Пожалуйста, напишите нам в личные сообщения группы ВКонтакте https://vk.com/perekrestok_shop или в Одноклассниках https://ok.ru/perekrestok.shop.",https://yandex.ru/maps/org/115894975781/reviews
PXR-0275,Перекрёсток,review_service,Yandex Maps,store card,150402629053,"Москва, ул. Грина, 7",6XhQawvItsMqK1CwwjiQ7RE2dKwrFBRPc,2026-03-13,A-b4c1d56b522e,5,"Очень уютное место, каждый день после кружка с дочкой заходим в перекрёсток 😊. Один минус товары дорогие. 2, минус на терминале не всегда стоят сотрудники чтобы удалить товар 😔",Спасибо за ваш отзыв! Будем рады снова видеть вас в нашем супермаркете.,https://yandex.ru/maps/org/150402629053/reviews
PXR-0276,Перекрёсток,review_service,Yandex Maps,store card,1106270812,"Санкт-Петербург, Пражская ул., 48/50",9PyE1i-PfVrfG52odB_7PEqBHaYvLShx,2026-03-13,A-b011e9be9392,1,"выбрасывают очень много продуктов и это в городе который пережил блокаду, да и вообще до сих пор много где люди голодают","Здравствуйте. Благодарим за опыт, которым вы поделились. Мы понимаем вашу ситуацию и хотим разобраться 👌 Пожалуйста, напишите нам в личные сообщения группы ВКонтакте https://vk.com/perekrestok_shop или в Одноклассниках https://ok.ru/perekrestok.shop ✍️ Уточним некоторые моменты.",https://yandex.ru/maps/org/1106270812/reviews
PXR-0277,Перекрёсток,review_service,Yandex Maps,store card,241557372236,"Видное, Берёзовая ул., 8",gqcbxlExA4DYVKh892mtd0c9EfMynUOd6,2026-03-13,A-f901f266eb5d,5,"Супер ""Перекресток"" после ремонта - это самый лучший из сети! расположены товары очень удобно, все свежее! Персонал приветливый, знающий, что бы не пришлось спросить- всегда ответят и подскажут ряд и место(причем даже оставят свою работу, проводят к нужному месту) Доставка работает идеально! быстро и без нареканий! Кассиры всегда предложат акцию , девушки, что помогают у касс самообслуживания очень приветливы и доброжелательны. Пользуемся и услугами парковки,",Ждём вас в наших супермаркетах!,https://yandex.ru/maps/org/241557372236/reviews
PXR-0278,Перекрёсток,review_service,Yandex Maps,store card,1011746989,"Санкт-Петербург, ул. Ефимова, 2",kB2fFAjalXKrOZUWB6hFvgXZO4Ko6q,2026-03-13,A-42aca0b52570,1,"Не работают даже кассы самообслуживания , стоишь ждешь по 20-30 минут, что бы уйти с покупкой","Здравствуйте. Спасибо за обратную связь! Комфорт клиентов очень важен для нас, поэтому всегда решим вопрос в режиме реального времени. В случае отсутствия продавца или кассира, пожалуйста, напишите нам в личные сообщения группы ВКонтакте https://vk.com/perekrestok_shop или в Одноклассниках https://ok.ru/perekrestok.shop.",https://yandex.ru/maps/org/1011746989/reviews
PXR-0279,Перекрёсток,review_service,Yandex Maps,store card,1016216449,"Москва, Старокачаловская ул., 1Б",yEZ09WJ5J64VV8XInN1ihY-mSXWW78,2026-03-13,A-ae5b631dba0d,5,"Бываю не часто, но в целом очень достойно, рекомендую","Спасибо, что нашли время поделиться своими впечатлениями! Очень приятно.",https://yandex.ru/maps/org/1016216449/reviews
PXR-0280,Перекрёсток,review_service,Yandex Maps,store card,1011746989,"Санкт-Петербург, ул. Ефимова, 2",7PvabRPD01XO6nH-8kJRoqEzBwu6goU,2026-03-15,A-dd2d8833496f,1,"15 марта 21:37 - просто отвратительное обслуживание на КСО! Не могли допроситься пачки сигарет у мужчины, который стоял, сложив руки в карманы. Отправлял нас на обычную кассу, где стояла очередь. На просьбу ускорить процесс и пробить всё-таки на ксо, отправил обратно и сказал ""ну сами там возьмите"" (спойлер, табачный отдел закрыт на ключ). На кассе девушка, обслуживающая целую очередь, нам сказала позвать мужчину с КСО. Итог: три раза нас гоняли туда-сюда, потратили 10 минут нашего времени, чуть ли не на коленях мы эту пачку вымолили, спасибо. Ноги моей у вас больше не будет","Здравствуйте. Хотели бы запросить подробности и разобраться. Пожалуйста, напишите нам в личные сообщения группы ВКонтакте https://vk.com/perekrestok_shop или в Одноклассниках https://ok.ru/perekrestok.shop.",https://yandex.ru/maps/org/1011746989/reviews
PXR-0281,Перекрёсток,review_service,Yandex Maps,store card,107753056573,"Москва, Можайское ш., 31, корп. 1",gT7KTTd2--A53yXwlx7FukKOcw_yiK,2026-03-15,A-dc03950415ea,5,"Большой магазин , удобное расположение стеллажей, все подписано , так что долго что то искать не приходится, да и вежливые продавцы и кассиры помогут если что не нашли . Продукты свежие , полки чистые , все аккуратно расставленно. В отделе мяса, колбасы и сыра очень приветливые продавцы , помогут с выбором и с улыбкой на лице пожелаю хорошего дня . Кассирам отдельное спасибо за терпение и понимание. Хожу в этот магазин уже больше 10 лет , все уже знакомы и очень приятно когда видишь улыбку и хорошее отношение к себе . Спасибо вам большое милые девушки .","Мы рады, что вам нравится в Перекрёстке!",https://yandex.ru/maps/org/107753056573/reviews
PXR-0282,Перекрёсток,review_service,Yandex Maps,store card,1016216449,"Москва, Старокачаловская ул., 1Б",su6ZOn_IT2nwUYR-9Ckk8NFl2wEUnKCL,2026-03-15,A-1b724ae9fa7c,4,"Сам магазин не плох, ассортимент есть, чисто. Но цены зашкаливают, даже очень.","Здравствуйте. Спасибо, что делитесь своими наблюдениями. Хотим вас заверить, что ценообразование в нашей сети формируется исключительно на основе рыночных факторов: закупочных цен поставщиков, логистики, объёмов урожая, сезонности и уровня спроса. Мы постоянно работаем над тем, чтобы предлагать нашим клиентам наилучшие цены, а также регулярно проводим различные акции. Чтобы ваши покупки были максимально выгодными, рекомендуем активно пользоваться программой лояльности «Х5 Клуб», выбирать товары в «Любимых категориях» и следить за персональными предложениями в нашем мобильном приложении. Если у вас есть замечания или пожелания, напишите в личные сообщения группы ВКонтакте https://vk.com/perekrestok_shop или в Одноклассниках https://ok.ru/perekrestok.shop ✍️",https://yandex.ru/maps/org/1016216449/reviews
PXR-0283,Перекрёсток,review_service,Yandex Maps,store card,1106270812,"Санкт-Петербург, Пражская ул., 48/50",5JZtR1OICJFIO8DPCn3YzrlFsY1MDG_e,2026-03-17,A-a5c42f9f1c01,5,"Лучший см на районе! Вежливые кассиры, отзывчивые продавцы. Очень нравится отдел фруктов и овощей, много зелени и ягод. Хороший выбор свежей рыбы. Все отлично","Спасибо, нам очень приятно!",https://yandex.ru/maps/org/1106270812/reviews
PXR-0284,Перекрёсток,review_service,Yandex Maps,store card,1106270812,"Санкт-Петербург, Пражская ул., 48/50",GtkuszAE6YuaRB4PTQc5_Ez1tHJzEkX,2026-03-17,A-640925e38899,5,"Рядом, чисто, удобно,","Спасибо, нам очень приятно!",https://yandex.ru/maps/org/1106270812/reviews
PXR-0285,Перекрёсток,review_service,Yandex Maps,store card,1106270812,"Санкт-Петербург, Пражская ул., 48/50",H3M3IRz-ZObShxw8VuDV_tDCdJhdBR,2026-03-17,A-96ecc8281e50,5,"Очень , хороший магазин, персонал отличный.",Спасибо за приятный отзыв! Всегда рады видеть вас в нашем супермаркете.,https://yandex.ru/maps/org/1106270812/reviews
PXR-0286,Перекрёсток,review_service,Yandex Maps,store card,1106270812,"Санкт-Петербург, Пражская ул., 48/50",NQXvpE8qiTQ1Y2aceGpJAD7oQGZ65zouL,2026-03-17,A-d8f1a01eff40,5,"По мне ,так магазин удобно расположен,большой ассортимент:можно всё приобрести, и для дачи и для дома. Отзывчивый персонал. Мне очень нравится этот магазин!",Благодарим за развернутый отзыв и хорошую оценку!,https://yandex.ru/maps/org/1106270812/reviews
PXR-0287,Перекрёсток,review_service,Yandex Maps,store card,1106270812,"Санкт-Петербург, Пражская ул., 48/50",klkFyskToMdLfum3o3BLXdRUTt2OQcZ2L,2026-03-17,A-31100db64a42,5,"Отличный супермаркет рядом с домом! Здесь всегда нахожу всё необходимое: свежие овощи и фрукты, качественную молочку, вкусную готовую еду. Приятно, что есть зона кулинарии и пекарни — выручает, когда нет времени готовить. Кассы работают оперативно, очередей почти не бывает. Отдельное спасибо сотрудникам за доброжелательность и готовность помочь. Однозначно мой любимый магазин в районе!","Мы рады, что вам нравится в Перекрёстке!",https://yandex.ru/maps/org/1106270812/reviews
PXR-0288,Перекрёсток,review_service,Yandex Maps,store card,1106270812,"Санкт-Петербург, Пражская ул., 48/50",oi2iaUEpDTlC2951Gl9I-3HvfkLVB71k8,2026-03-17,A-096f6c534c34,5,"Сегодня посетила супермаркет Перекрёсток, всем очень довольна , отсывчивый персонал , нашла все что хотела","Спасибо за отзыв! Рады, что вам нравится.",https://yandex.ru/maps/org/1106270812/reviews
PXR-0289,Перекрёсток,review_service,Yandex Maps,store card,1106270812,"Санкт-Петербург, Пражская ул., 48/50",yVLCghZe2I06BVrHhzkJbc1_WhvlKGY,2026-03-17,A-c8540c889335,5,"Хороший супермаркет,очень удобно что работает 24/7.Отзывчивый персонал который проконсультирует и поможет с выбором товара,что очень помогает сэкономить время.Большой ассортимент товаров,найдется на любой вкус.Наличие касс самообслуживания,которые помогают быстро и без очередей совершить покупку.",Спасибо за обратную связь!,https://yandex.ru/maps/org/1106270812/reviews
PXR-0290,Перекрёсток,review_service,Yandex Maps,store card,1106270812,"Санкт-Петербург, Пражская ул., 48/50",15_7xGQcH6_alrcNWreVUV9Kayqk4s3u,2026-03-18,A-248aa32746c0,5,"Частенько хожу в данный магазин. В магазине чисто, уютно и современно. Большой выбор продуктов, вежливый персонал, всегда помогают в выборе и поиске товара. Спасибо завашуработу",Спасибо за отзыв и высокую оценку! Для нас это важно.,https://yandex.ru/maps/org/1106270812/reviews
PXR-0291,Перекрёсток,review_service,Yandex Maps,store card,1016216449,"Москва, Старокачаловская ул., 1Б",5nSGu-UgHM7U54rg7rmfyrWUUfIZzGhM,2026-03-18,A-792e6d53a6f5,1,"Отвратительный магазин, всë очень дорого, ещё теперь нельзя попросить карту у другого покупателя, потому что их якобы штрафуют за это.","Здравствуйте. Хотели бы запросить подробности и разобраться. Пожалуйста, напишите нам в личные сообщения группы ВКонтакте https://vk.com/perekrestok_shop или в Одноклассниках https://ok.ru/perekrestok.shop.",https://yandex.ru/maps/org/1016216449/reviews
PXR-0292,Перекрёсток,review_service,Yandex Maps,store card,1106270812,"Санкт-Петербург, Пражская ул., 48/50",I-d12VCcsGi8ync5qkrFOEYUSFX1_KQS,2026-03-18,A-791dd7f00922,5,"Отличный круглосуточный магазин! Полки всегда полные, сотрудники - приветливые.",Спасибо за ваш отзыв! Будем рады снова видеть вас в нашем супермаркете.,https://yandex.ru/maps/org/1106270812/reviews
PXR-0293,Перекрёсток,review_service,Yandex Maps,store card,1106270812,"Санкт-Петербург, Пражская ул., 48/50",6OxKClCLgwit_LIVxI1Md6OnNFup8z4,2026-03-20,A-c04a8e7db915,3,"На кофе Kaffa (эксклюзивно в Перекрёстке) отсутствует русскоязычная маркировка, что является нарушением ТР ТС 022 2011.","Здравствуйте. Спасибо за отзыв. Хотели бы запросить подробности и разобраться. Пожалуйста, напишите нам в личные сообщения группы ВКонтакте https://vk.com/perekrestok_shop или в Одноклассниках https://ok.ru/perekrestok.shop.",https://yandex.ru/maps/org/1106270812/reviews
PXR-0294,Перекрёсток,review_service,Yandex Maps,store card,107753056573,"Москва, Можайское ш., 31, корп. 1",9Etpa9J8kMgi0ElIFBX_szm0ckNGY1V,2026-03-20,A-2c883d089d28,3,"В ценниках бардак. Причем хорошая разница в цене в пользу магазина. Неприятно. Хотела порадовать себя покупкой, а вышла - такой осадок остался. Часть продуктов не стала брать так как неверная цена.","Здравствуйте. Расстроены, что вам пришлось столкнуться с подобным несоответствием ценников в нашем супермаркете. Хотим запросить подробности и разобраться в ситуации. Пожалуйста, напишите нам в личные сообщения группы ВКонтакте https://vk.com/perekrestok_shop или в Одноклассниках https://ok.ru/perekrestok.shop.",https://yandex.ru/maps/org/107753056573/reviews
PXR-0295,Перекрёсток,review_service,Yandex Maps,store card,150402629053,"Москва, ул. Грина, 7",EkC3ya8Tfal933UDwftdMZxFr97g4rj,2026-03-20,A-340b1933ce77,5,"Отличный магазин, большой выбор, чисто и светло. В общем и целом, всё на уровне. НО, стоит напомнить кофейному мальчику(высокий светлый), что к нему подходят за кофе, а не чтоб посмотреть на него и взять автограф...","Спасибо, это важно для нас!",https://yandex.ru/maps/org/150402629053/reviews
PXR-0296,Перекрёсток,review_service,Yandex Maps,store card,150402629053,"Москва, ул. Грина, 7",A99w5Q0_5kQ6xHkexWeKAQDNayHdIwIm,2026-03-21,A-9d639422ccb4,5,"После ремонта Перекресток стал нашим любимым супермаркетом! Клиентоориентирован однозначно! Отличный ассортимент, все свежее, рыбная и мясная выкладки, классная своя Зеленая линия. Суперские акции и бонусная система. Спасибо 🌺","Спасибо, что нашли время поделиться своими впечатлениями! Очень приятно.",https://yandex.ru/maps/org/150402629053/reviews
PXR-0297,Перекрёсток,review_service,Yandex Maps,store card,1011746989,"Санкт-Петербург, ул. Ефимова, 2",_JQupMEeHg0jR4y-8oWZyBHAk7q8wcF,2026-03-23,A-64616cfede1d,2,"один из самых медлительных кассиров в любом магазине Санкт-Петербурга. пришло время нанять более квалифицированный персонал! кажется, что у них всегда полный беспорядок и дезорганизованность.","Здравствуйте. Расстроены, что вам пришлось столкнуться с подобным в нашем супермаркете. Хотим запросить подробности и разобраться в ситуации. Пожалуйста, напишите нам в личные сообщения группы ВКонтакте https://vk.com/perekrestok_shop или в Одноклассниках https://ok.ru/perekrestok.shop.",https://yandex.ru/maps/org/1011746989/reviews
PXR-0298,Перекрёсток,review_service,Yandex Maps,store card,107753056573,"Москва, Можайское ш., 31, корп. 1",hgG64TyGL26ErYSJmL14Nd_9-stOXs2,2026-03-23,A-675b40561a0b,5,"Отличный магазин, хожу туда уже много лет как в гости: бо́льшая часть персонала уже как друзья. Большой выбор всего и вся, всегда находим что-то новое и интересное; удобное расположение, очень близко как к дому, там и к остановке, не раз забегала, если нужно что-то срочно прикупить в поездку; много выгодных акций и скидок, что в современных реалиях не может не радовать; рыбу стараемся всегда брать здесь, свежая и аппетитная, правда разбирают самые лакомые кусочки очень быстро.) Сотрудники всегда идут на встречу и помогут в любом вопросе. Отдельное спасибо Ларисе и ее волшебным рукам, каждый раз выдавала моему ребенку-капризуле мишек разных цветов, что приводило карапуза, желающего собрать всю коллекцию, в полный восторг. Рекомендую, 10/10!",Спасибо за обратную связь!,https://yandex.ru/maps/org/107753056573/reviews
PXR-0299,Перекрёсток,review_service,Yandex Maps,store card,1346437790,"Москва, Сормовская ул., 6",2QOR8qVcWONldhEPY4mUn83GsCYSvVKkv,2026-03-24,A-c44b5d28f1e6,5,"Большой ТЦ, есть банкоматы, услуги всякие, рынок",Благодарим за отзыв! Стараемся для вас.,https://yandex.ru/maps/org/1346437790/reviews
PXR-0300,Перекрёсток,review_service,Yandex Maps,store card,150402629053,"Москва, ул. Грина, 7",7qzVyfNhM2lEcNL1NvCZSfSuU9FoItL,2026-03-24,A-dfb47ccbd982,2,"Не очень большой магазин, не хватает теста для вытяжки. Просроченного товара практически не бывает, людей тоже не много, плюс работает 24/7. 24.03.26г После ремонта перекресток испортился, много места стали занимать кофешка и пиццерия с плохо говорящими на русском языке. Начиная с 26г в магазине стала появляться просрочка в колбасных отделах, но не все так просто, покупаешь колбасу со свежей датой, а когда приходишь домой отрезаешь кусочек из нее тянет тухлятиной, по фруктам тоже можно сказать, что плохо, привозят из какого то теплого помещения уже полу гнилые. К посещению не рекомендую, пока не исправится.","Здравствуйте. Спасибо, что сообщили нам. Хотели бы запросить подробности и разобраться. Пожалуйста, напишите нам в личные сообщения группы ВКонтакте https://vk.com/perekrestok_shop или в Одноклассниках https://ok.ru/perekrestok.shop.",https://yandex.ru/maps/org/150402629053/reviews
PXR-0301,Перекрёсток,review_service,Yandex Maps,store card,241557372236,"Видное, Берёзовая ул., 8",8qX0XhK3XVUlYv-jlId7bGGmsjgahQ24m,2026-03-25,A-1396fec81e8c,1,"В заказе была охлажденная рыба. Привезли пропавшую , с отвратительным запахом. Не заметить это персонал не мог, но все равно отдали в заказ. Так , как это была доставка, с возвратом проблему решают в течение 24 часов. 👎","Здравствуйте. Хотели бы запросить подробности и разобраться. Пожалуйста, напишите нам в личные сообщения группы ВКонтакте https://vk.com/perekrestok_shop или в Одноклассниках https://ok.ru/perekrestok.shop.",https://yandex.ru/maps/org/241557372236/reviews
PXR-0302,Перекрёсток,review_service,Yandex Maps,store card,108942729577,"Кисловодск, просп. Победы, 6",QctlqWNCuehHafdeFVvsz8LAU5LI2kY,2026-03-25,A-493ad0f8330f,1,Ужасный магазин! Почему на прилавке просроченная молочная продукция?!,"Здравствуйте. Расстроены, что вам пришлось столкнуться с товарами такого качества. Хотим запросить подробности и разобраться в ситуации. Пожалуйста, напишите нам в личные сообщения группы ВКонтакте https://vk.com/perekrestok_shop или в Одноклассниках https://ok.ru/perekrestok.shop.",https://yandex.ru/maps/org/108942729577/reviews
PXR-0303,Перекрёсток,review_service,Yandex Maps,store card,241557372236,"Видное, Берёзовая ул., 8",QKAcaEPV3npE1zPi99-YBN-jlFtifTIK,2026-03-27,A-ce90b32b7548,5,"Мой самый любимый суппппер маркет !!!! Где почти всегда найдёшь то , что тебе надо !!! Персонал молодец ..... всегда (почти) чисто и собрано , всё на своём месте !!!!👍👍👍","Спасибо, нам очень приятно!",https://yandex.ru/maps/org/241557372236/reviews
PXR-0304,Перекрёсток,review_service,Yandex Maps,store card,1011746989,"Санкт-Петербург, ул. Ефимова, 2",2Dmjt6Nbe7bepnVNWMHOK9bi077MOIW,2026-03-28,A-01d2980d1e59,1,"Кассиры медлительные и не вежливые. Говоришь спасибо, а в ответ тишина. И это не зумеры на кассе. Есть куда двигаться в сервисе","Здравствуйте. Разделяем ваши эмоции. Спасибо, что поделились. Мы понимаем вас и хотим разобраться. Пожалуйста, напишите нам в личные сообщения группы ВКонтакте https://vk.com/perekrestok_shop или в Одноклассниках https://ok.ru/perekrestok.shop ✍️ Уточним детали и сделаем всё, чтобы вернуть ваше доверие 🙌",https://yandex.ru/maps/org/1011746989/reviews
PXR-0305,Перекрёсток,review_service,Yandex Maps,store card,1346437790,"Москва, Сормовская ул., 6",5CcD-eAmSzGRBNl__ZUvgx8ytKxw_RSGu,2026-03-28,A-57e8c3ad79da,5,"Всегда много акций и большой выбор, персонал доброжелателен даже в ночное время. Хорошее место расположение !",Спасибо за приятный отзыв! Всегда рады видеть вас в нашем супермаркете.,https://yandex.ru/maps/org/1346437790/reviews
PXR-0306,Перекрёсток,review_service,Yandex Maps,store card,108942729577,"Кисловодск, просп. Победы, 6",4HT73kaqbMIi1OhTDfsNE5McZjowLdIOc,2026-03-30,A-362a758d9da2,3,Магазин неплохой. Но вот ситуация которая произошла мне непонятна. Прихожу я на кассу с чипсами а кассирша даже не пробивая их кладёт себе под попу говоря что не пробивается. Вторая ситуация. Три дня подряд я приходила и Пыталась купить чудо ванильное не один раз из дней оно не пробивалось. А других там не было.,"Здравствуйте. Расстроены, что вам пришлось столкнуться с подобным в нашем супермаркете. Хотим запросить подробности и разобраться в ситуации. Пожалуйста, напишите нам в личные сообщения группы ВКонтакте https://vk.com/perekrestok_shop или в Одноклассниках https://ok.ru/perekrestok.shop.",https://yandex.ru/maps/org/108942729577/reviews
PXR-0307,Перекрёсток,review_service,Yandex Maps,store card,1106270812,"Санкт-Петербург, Пражская ул., 48/50",JXe5dtYKhlp5tCD9AjPUPWCvegKlfph,2026-04-02,A-24305625127d,5,"Хочу поделиться своим опытом посещения супермаркета Перекресток . Я впечатлена широким ассортиментом товаров. Здесь всегда можно найти свежие овощи и фрукты, качественные мясные изделия и молочные продукты. Также хочу отметить чистоту и порядок в магазине. Удобные проходы и хорошо организованное пространство делают шопинг приятным и быстрым. В общем, я очень довольна своим опытом и рекомендую Перекресток всем, кто ценит качество и хороший сервис. Спасибо за вашу работу! --","Спасибо, нам очень приятно!",https://yandex.ru/maps/org/1106270812/reviews
PXR-0308,Перекрёсток,review_service,Yandex Maps,store card,1106270812,"Санкт-Петербург, Пражская ул., 48/50",OdE4o7nXmzN295gt3Tv9Ac3IuhOgK4mAP,2026-04-02,A-3bc4dbc21c50,5,"Хороший магазин, чистый.",Спасибо за приятный отзыв! Всегда рады видеть вас в нашем супермаркете.,https://yandex.ru/maps/org/1106270812/reviews
PXR-0309,Перекрёсток,review_service,Yandex Maps,store card,1106270812,"Санкт-Петербург, Пражская ул., 48/50",a3x9I_WrUU5zS-12CzCvkyouSDQaQZYx,2026-04-02,A-d09b92088fd5,5,"Очень люблю магазин «перекрёсток» . Я человек который любит медленно побродить по магазину и посмотреть разный интересный товар, даже если я пришла просто за огурцами , с чем в Перекрёстке нет проблем , тут есть все что только можно. Не представляю, что в этом магазине можно чего то не найти. Товар всегда с хорошим сроком годности, уже даже перестала проверять, так как никогда не было проблем 😅. В магазине всегда чистота , порядок, на кассе никогда не стою в очередях, очень вежливый персонал, все очень доброжелательны. Магазин просторный , не приходится толкаться с другими покупателями. Однозначно рекомендую.",Спасибо за отзыв и высокую оценку! Для нас это важно.,https://yandex.ru/maps/org/1106270812/reviews
PXR-0310,Перекрёсток,review_service,Yandex Maps,store card,1106270812,"Санкт-Петербург, Пражская ул., 48/50",VSTWGFPFQNoxNvD2qe9mlEBTxF_S1J,2026-04-03,A-b7b2c3b71b1b,5,"Прекрасный магазин! Очень нравится ассортимент товаров, для меня важно свежее мясо, молочные продукты, экзотические фрукты, так же здесь можно найти много интересных продуктов которых нет в других магазинах, и главное персонал приветливый, всегда подскажут, что где находится ☺️",Спасибо за отзыв и высокую оценку! Для нас это важно.,https://yandex.ru/maps/org/1106270812/reviews
PXR-0311,Перекрёсток,review_service,Yandex Maps,store card,1106270812,"Санкт-Петербург, Пражская ул., 48/50",auR8hO9Xhp6HIrGP2FxMYNB-bmj4oxI,2026-04-03,A-6d7a10b61714,1,"Выдача заказов курьерам очень долгая , сотрудника не найти , звонок для курьеров не работает Никто не подходит по 10-20 минут Теряю время , деньги и настроение","Здравствуйте. Хотели бы запросить подробности и разобраться. Пожалуйста, напишите нам в личные сообщения группы ВКонтакте https://vk.com/perekrestok_shop или в Одноклассниках https://ok.ru/perekrestok.shop.",https://yandex.ru/maps/org/1106270812/reviews
PXR-0312,Перекрёсток,review_service,Yandex Maps,store card,1346437790,"Москва, Сормовская ул., 6",zg_JhMWbHWBr7kTeTGYdNJX7LhPRxHV-,2026-04-04,A-5eef5dced6c6,2,"Огромный минус это алкоголь. Первое : рандомно раскинут по магазину(холодный в других концах можно найти, а точнее не понять что есть оно вообще). Второе: вино 95 % только сухое. Вы хотя бы разделяете по цветам и сахару. Пытался найти полусладкое- не нашёл. Третье: пиво.... Либо полный шлак, но не много либо дорогое. Середняка нет. Впечатление , что хозяин махнул рукой на прибыль от алкогольной продукции. Последнее: никто не может подсказать хотя бы есть ли где например холодные вина и пиво","Здравствуйте. Спасибо за отзыв. Если у вас есть замечания или пожелания, пожалуйста, напишите нам в личные сообщения группы ВКонтакте https://vk.com/perekrestok_shop или в Одноклассниках https://ok.ru/perekrestok.shop.",https://yandex.ru/maps/org/1346437790/reviews
PXR-0313,Перекрёсток,review_service,Yandex Maps,store card,150402629053,"Москва, ул. Грина, 7",2Flps-bxVUk3TAPYZ3huTt3JZVHKCXLjZ,2026-04-06,A-08f28662d68c,1,Хотели заказать в кафе пиццу мясную но нам отказали сказали что новую они видели не делают берите эту.Человек имеет право выбирать. У моего мужа сегодня день рождение а ему настроение испортили...Больше туда не пойдём .,"Здравствуйте! Очень жаль, что ваш визит в наше кафе оказался омрачён этой ситуацией. Мы искренне хотим помочь и разобраться во всём — для этого нам очень пригодится ваша помощь. Поделитесь, пожалуйста, подробностями в личных сообщениях наших групп: ВКонтакте https://vk.com/perekrestok_shop или в Одноклассниках https://ok.ru/perekrestok.shop.",https://yandex.ru/maps/org/150402629053/reviews
PXR-0314,Перекрёсток,review_service,Yandex Maps,store card,1016216449,"Москва, Старокачаловская ул., 1Б",G_IWtn_gD-orvfnoVJ67FV7i_ioU9Epo,2026-04-06,A-a72458100c03,5,"Очень хороший магазин,частт захожу к вам,",Благодарим за развернутый отзыв и хорошую оценку!,https://yandex.ru/maps/org/1016216449/reviews
PXR-0315,Перекрёсток,review_service,Yandex Maps,store card,1033549331,"Москва, ул. Покрышкина, 5",RdF1Jp8xLwS-X7E6_Irsn_PqEWIubejy,2026-04-06,A-1d2e22c01d73,5,"мне показался этот магазин значительно больше, чем его собратья. хотя, возможно всё это благодаря очень разумному размещению товаров. ассортимент порадовал и глаз, и кошелёк, очереди на кассах нет, несмотря на час-пик, большая бесплатная парковка для машин. рекомендую.",Спасибо за ваш отзыв! Будем рады снова видеть вас в нашем супермаркете.,https://yandex.ru/maps/org/1033549331/reviews
PXR-0316,Перекрёсток,review_service,Yandex Maps,store card,1011746989,"Санкт-Петербург, ул. Ефимова, 2",yWDR1aNyvRbWzQbFR423f6wzT5keuTQz,2026-04-06,A-0c7ca6c1f6ab,1,"На днях на кассе какая то работница стала уговаривать оформить скидочную карту кэшбэк 7%.и очень настойчиво !я стала оформлять у нее не получалось в моем телефоне,она по громкой связи звала директора подойти,но он видимо был занят.вообщем в процессе я начинаю понимать ,когда она стала практический принудительно уговаривать меня переходить в моем телефоне по ссылкам,и вводить коды которые пришли,что это никакая не скидочная карта,а дебетовая альфа банка,когда она сказала,что нужно ввести свой адрес доя получения карты. после всех ссылок соглашений и кодов на моем телефоне,я в последний момент отказалась и убежала.итог мне несколько дней настойчиво названивал альфа банк,а сейчас все *** города названивают после альфабанка Я вообще в шоке.до сих пор не могу придти в себя.очень надеюсь ,что у меня ничего не украли никакие данные.причем женщина лет 50 ти в форме перекрастка. Реально теперь после атаки альфа банка настойчиво сразу стали названивать все фирмочки. Умоляю будьте осторожны,вот так теперь работает перекресток,причем в начале будет фраза ,, а вы не хотите кэшбэк 7% от покупки,,а дальге не отвяжетесь Я бегом оттуда убегала","Здравствуйте. Благодарим, что поделились информацией. Обратная связь для нас очень важна. Напишите нам, пожалуйста, в личные сообщения группы ВКонтакте https://vk.com/perekrestok_shop или в Одноклассниках https://ok.ru/perekrestok.shop. Уточним детали и во всём разберёмся 👌",https://yandex.ru/maps/org/1011746989/reviews
PXR-0317,Перекрёсток,review_service,Yandex Maps,store card,1033549331,"Москва, ул. Покрышкина, 5",CFm63zVdYE7_IXqFJ7VL3kMBeoFkCmTQQ,2026-04-07,A-a393bbc6f22e,1,"Нету стульев для клиентов, свинское отношение к людям","Здравствуйте. Спасибо, что сообщили нам. Хотели бы запросить подробности и разобраться. Пожалуйста, напишите нам в личные сообщения группы ВКонтакте https://vk.com/perekrestok_shop или в Одноклассниках https://ok.ru/perekrestok.shop.",https://yandex.ru/maps/org/1033549331/reviews
PXR-0318,Перекрёсток,review_service,Yandex Maps,store card,1033549331,"Москва, ул. Покрышкина, 5",jNKQqGEuEoKvjEWqTjf9dAxfsOoK1o,2026-04-07,A-dff8c4e1743d,5,Любимый перекресток рядом с домом,Благодарим за отзыв! Стараемся для вас.,https://yandex.ru/maps/org/1033549331/reviews
PXR-0319,Перекрёсток,review_service,Yandex Maps,store card,1016216449,"Москва, Старокачаловская ул., 1Б",MDcRcwJY46nTHkwz7zHz-7iUGrUdmZd,2026-04-08,A-da5e02c49452,5,"Отличный магазин, большой выбор, цены приемлемые",Спасибо за обратную связь!,https://yandex.ru/maps/org/1016216449/reviews
PXR-0320,Перекрёсток,review_service,Yandex Maps,store card,1016216449,"Москва, Старокачаловская ул., 1Б",rh8ZMfM2JoONTf_S_Hp4-fzXzu34Sca,2026-04-08,A-d397fa4062dd,4,В кафе перекрестка не всегда чисто столы вовремя не убирают,"Здравствуйте. Спасибо, что сообщили нам. Хотели бы запросить подробности и разобраться. Пожалуйста, напишите нам в личные сообщения группы ВКонтакте https://vk.com/perekrestok_shop или в Одноклассниках https://ok.ru/perekrestok.shop.",https://yandex.ru/maps/org/1016216449/reviews
PXR-0321,Перекрёсток,review_service,Yandex Maps,store card,107753056573,"Москва, Можайское ш., 31, корп. 1",wFjPir6PXmG3AR0QFJy_OQxrtBY5eWt,2026-04-08,A-b0c9cfdc002f,1,Сборшики которые собирают закази все взрослие слишком долго собирают постоянно😡🤬,"Здравствуйте. Спасибо, что поделились своим мнением. Если у вас есть замечания или пожелания, напишите, пожалуйста, в личные сообщения группы ВКонтакте https://vk.com/perekrestok_shop или в Одноклассниках https://ok.ru/perekrestok.shop ✍",https://yandex.ru/maps/org/107753056573/reviews
PXR-0322,Перекрёсток,review_service,Yandex Maps,store card,1016216449,"Москва, Старокачаловская ул., 1Б",k3UIhtyprcP8hazCctUIr0qu-nE0NCda,2026-04-09,A-884a86243914,2,"09.04.2026 21:57 на кассе самообслуживания вредная баба сотрудница лет 40 отказалась отдавать бесплатный подарок после покупки на 2000 ребенку из за формальности! Когда попросила дать, грубо отказала. ТАКИЕ ЛЮДИ ОТПУГИВАЮТ ПОКУПАТЕЛЕЙ ВАШЕМУ МАГАЗИНУ 0/10","Здравствуйте. Спасибо, что сообщили нам. Хотели бы запросить подробности и разобраться. Пожалуйста, напишите нам в личные сообщения группы ВКонтакте https://vk.com/perekrestok_shop или в Одноклассниках https://ok.ru/perekrestok.shop.",https://yandex.ru/maps/org/1016216449/reviews
PXR-0323,Перекрёсток,review_service,Yandex Maps,store card,1033549331,"Москва, ул. Покрышкина, 5",rRkXWcpF1wZ-caSlQt8DO8WGnJr4spG,2026-04-09,A-dfc8fa6be25a,5,Приятный магаз!,Спасибо за ваш отзыв! Будем рады снова видеть вас в нашем супермаркете.,https://yandex.ru/maps/org/1033549331/reviews
PXR-0324,Перекрёсток,review_service,Yandex Maps,store card,1033549331,"Москва, ул. Покрышкина, 5",tyvosRMl1h7M_6eX71VifieZ8s9is-,2026-04-09,A-315d31456b5e,1,"Ругаю только кафе. - Очень медленно делают кофе. Очередь из 3 человек движется в течение 15 минут. - Официально работают до 20:00, но по факту в 19:30 уже отказывают в обслуживании по причине ""надо помыть кофемашину"". - Разные люди делают один и тот же напиток с разным вкусом. Я купил абонемент на кофе, поэтому теперь в зависимости от баристы на смене выбираю разные напитки.","Здравствуйте. Спасибо за обратную связь! Мы хотим провести проверку. Пожалуйста, напишите нам в личные сообщения группы ВКонтакте https://vk.com/perekrestok_shop или в Одноклассниках https://ok.ru/perekrestok.shop.",https://yandex.ru/maps/org/1033549331/reviews
PXR-0325,Перекрёсток,review_service,Yandex Maps,store card,1016216449,"Москва, Старокачаловская ул., 1Б",5erxVRvd3l2wYAS1vf14LC2KMYJB8pe,2026-04-10,A-de4c97d6809d,5,"Хороший магазин,дружный коллектив",Спасибо за ваш отзыв! Будем рады снова видеть вас в нашем супермаркете.,https://yandex.ru/maps/org/1016216449/reviews
PXR-0326,Перекрёсток,review_service,Yandex Maps,store card,1016216449,"Москва, Старокачаловская ул., 1Б",meFAMnbGiowqZcUMVTC9UsoivUaqR_,2026-04-10,A-2a6c496daab4,1,"Магазин прекрасный, хожу в него довольно давно, все было хорошо. Такая ситуация произошла впервые. Подошла к кассе, видимо новая работница, первый раз ее там увидела. Темненькая, не русская видно, волосы по плечи. Увидя меня, подходящей к кассе построила гримасу, будто я какая-то зечка. Начала пробивать продукты,бросая их на ленту. Меж продуктов я увидела,что она пробила мишку (нынешняя акция ). У меня их собирает брат, как я знаю за каждые 500-1000 в чеке их дают. Она ее пробила и не дала. После я попросила у нее пакет. Жду пока она мне его даст, она поворачивается на меня и с довольно повышенным тоном говорит:Оплачивайте. Я спрашиваю про пакет, она ещё более громко начала говорить мне,что бы я оплатила. Я спорить не стала, оплатила, после этого она демонстративно провернулась и дала мне пакет, кинув его так же на ленту. Не понятно с чего возникло такое отношение и почему не дали медведя, хотя пробили.","Здравствуйте. Расстроены, что вам пришлось столкнуться с подобным поведением сотрудника в нашем супермаркете. Хотим запросить подробности и разобраться в ситуации. Пожалуйста, напишите нам в личные сообщения группы ВКонтакте https://vk.com/perekrestok_shop или в Одноклассниках https://ok.ru/perekrestok.shop.",https://yandex.ru/maps/org/1016216449/reviews
PXR-0327,Перекрёсток,review_service,Yandex Maps,store card,1016216449,"Москва, Старокачаловская ул., 1Б",q_KcN5WQLc0vxD_N738nZazMO7_913Bql,2026-04-10,A-46c288900fbb,1,"Вы хотя бы иногда проверяйте морозильник. Вчера купила в гости мороженное мотти. Есть это было невозможно. Тесто как резина. Очень было неприятно, хотела угостить вкусным, а в итоге угостила какой-то фигнёй(((","Здравствуйте. Спасибо за обратную связь! Мы хотим провести проверку. Пожалуйста, напишите нам в личные сообщения группы ВКонтакте https://vk.com/perekrestok_shop или в Одноклассниках https://ok.ru/perekrestok.shop.",https://yandex.ru/maps/org/1016216449/reviews
PXR-0328,Перекрёсток,review_service,Yandex Maps,store card,241557372236,"Видное, Берёзовая ул., 8",tGMBXkMlpQ9olgkFw2mFsB-BYhYBClhvt,2026-04-10,A-257d48499b79,5,"Еще раз убеждаюсь что кофе вкусный и отличный в кафе перекресток⭐️ Быстро ⭐️ Качественно ⭐️ Бариста Юлия one love ❤️ ⭐️ - хотела большой объем, нет в наличии стаканчиков ❗️ P. S. Звездочку пятую отдаю дизайнеру хамелеона",Спасибо за отзыв и высокую оценку! Для нас это важно.,https://yandex.ru/maps/org/241557372236/reviews
PXR-0329,Перекрёсток,review_service,Yandex Maps,store card,107753056573,"Москва, Можайское ш., 31, корп. 1",F6GL9y5Z-p8RIdR-DGOrgldunyl00JAGu,2026-04-12,A-156d0c131679,5,5 пост постамат. Будьте внимательны! Получение заказов возможно на кассе. Уточняйте у кассира.,Благодарим за отзыв! Стараемся для вас.,https://yandex.ru/maps/org/107753056573/reviews
PXR-0330,Перекрёсток,review_service,Yandex Maps,store card,1346437790,"Москва, Сормовская ул., 6",uVxNQ6Vg90Fs7FXpCyXws5Fn8wLiz_V,2026-04-12,A-c754fa3702f8,5,"Классный перекрёсток, компактный с большим ассортиментом, есть и кофе с выпечкой и что покушать- гриль, готовая еда",Благодарим за развернутый отзыв и хорошую оценку!,https://yandex.ru/maps/org/1346437790/reviews
PXR-0331,Перекрёсток,review_service,Yandex Maps,store card,107753056573,"Москва, Можайское ш., 31, корп. 1",1ULmMU5GQoE04SeyozdDAuNTDYrD6eCo,2026-04-14,A-5b6682564267,5,Хороший выбор есть кулинария,Ждём вас в наших супермаркетах!,https://yandex.ru/maps/org/107753056573/reviews
PXR-0332,Перекрёсток,review_service,Yandex Maps,store card,1011746989,"Санкт-Петербург, ул. Ефимова, 2",MxMoMH4GtytjeZvsbAVt2HNmqKzWM6,2026-04-14,A-6f05f0f41c3d,5,Хороший магазин. Большой выбор. Есть кассы самообслуживания.,"Спасибо, нам очень приятно!",https://yandex.ru/maps/org/1011746989/reviews
PXR-0333,Перекрёсток,review_service,Yandex Maps,store card,1016216449,"Москва, Старокачаловская ул., 1Б",EXpd5P0V3EfD0QPDAQf7Nvz5qFZf5-j,2026-04-16,A-254e41b2bd48,1,"В цехе охлажденной рыбы, колбасы, мяса, кулинарии - один сотрудник на все отделы. Работает один за 4-х! По 15-25 минут нужно ждать, чтобы сотрудник подошел взвесил и отдал заказ.","Здравствуйте. Спасибо, что нашли время написать отзыв. Мы ценим обратную связь. Расскажите, пожалуйста, подробнее в личных сообщениях группы ВКонтакте https://vk.com/perekrestok_shop или в Одноклассниках https://ok.ru/perekrestok.shop ✍️ Во всём разберёмся 🙌",https://yandex.ru/maps/org/1016216449/reviews
PXR-0334,Перекрёсток,review_service,Yandex Maps,store card,1016216449,"Москва, Старокачаловская ул., 1Б",d8ug3tcsbg9Wr8qa1k05qVva-3zbhwlX1,2026-04-16,A-0c617db458ac,3,"Магазин отличный только из персонала, сотрудник Ирина, вечно чем то не довольная матерится и не хочет наличкой обслуживать, только что обматерилась и не хотела принимать нал.","Здравствуйте! Мы очень дорожим качеством обслуживания и искренне огорчены, что ваш опыт посещения нашего супермаркета оказался не таким, как ожидалось. Чтобы разобраться в ситуации и провести тщательную проверку, расскажите, пожалуйста, подробнее о произошедшем в личных сообщениях группы ВКонтакте https://vk.com/perekrestok_shop или в Одноклассниках https://ok.ru/perekrestok.shop ✍️",https://yandex.ru/maps/org/1016216449/reviews
PXR-0335,Перекрёсток,review_service,Yandex Maps,store card,1033549331,"Москва, ул. Покрышкина, 5",zCLB7uj5jdfzb8-nd-qfZPsWUHO8TJjhZ,2026-04-18,A-7239021a16c0,5,Очень вкусный кофе делает Бариста Оксана☺️лучший Бариста на районе,Благодарим за отзыв! Стараемся для вас.,https://yandex.ru/maps/org/1033549331/reviews
PXR-0336,Перекрёсток,review_service,Yandex Maps,store card,150402629053,"Москва, ул. Грина, 7",97t8k6RRd4juIAG-Ibwuth7cH92DaSeIb,2026-04-19,A-a4ac226f69ab,4,Тесный стал после реконструкции,"Здравствуйте. Спасибо за отзыв. Хотели бы запросить подробности и разобраться. Пожалуйста, напишите нам в личные сообщения группы ВКонтакте https://vk.com/perekrestok_shop или в Одноклассниках https://ok.ru/perekrestok.shop.",https://yandex.ru/maps/org/150402629053/reviews
PXR-0337,Перекрёсток,review_service,Yandex Maps,store card,1033549331,"Москва, ул. Покрышкина, 5",UIXjj05oXxBjJBu3DGvIiAY9CDLBIfP,2026-04-19,A-ebef9bb51212,1,Продавец с черными длинными волосами около кассы самообслуживания вела себя странно и кривлялась,"Здравствуйте. Спасибо, что сообщили нам. Хотели бы запросить подробности и разобраться. Пожалуйста, напишите нам в личные сообщения группы ВКонтакте https://vk.com/perekrestok_shop или в Одноклассниках https://ok.ru/perekrestok.shop.",https://yandex.ru/maps/org/1033549331/reviews
PXR-0338,Перекрёсток,review_service,Yandex Maps,store card,108942729577,"Кисловодск, просп. Победы, 6",6OQPnOdaLVaZwjCOvmYMcpXjTlH-no,2026-04-20,A-d9d33b23dc50,5,В магазине добрые и вежливые сотрудники. Не нашел ребенок где лежит товар. Показали где лежит товар. все отлично. Чисто в магазине.,Спасибо за обратную связь!,https://yandex.ru/maps/org/108942729577/reviews
PXR-0339,Перекрёсток,review_service,Yandex Maps,store card,1346437790,"Москва, Сормовская ул., 6",nS4dmVFemM6WJIEeot-NZMrJKrPQWOVy,2026-04-20,A-5b98d4032fa2,3,Хороший магазин и ассортимент приемлемый .,Здравствуйте. Спасибо за выбор нашей сети!😊,https://yandex.ru/maps/org/1346437790/reviews
PXR-0340,Перекрёсток,review_service,Yandex Maps,store card,107753056573,"Москва, Можайское ш., 31, корп. 1",wGD1tC2GUG0vNCVHq-cmKOsVaIfKtJq,2026-04-20,A-e93cdc07cfaf,5,Хороший магазин отличный персонал помогают где что объясняют обслуживают хорошо вежливые кассирши хочу отдельно по блогадарить старшему кассиру зовут её хатира 🤝,"Благодарим за положительный отзыв! Приятно, что смогли порадовать вас.",https://yandex.ru/maps/org/107753056573/reviews
PXR-0341,Перекрёсток,review_service,Yandex Maps,store card,108942729577,"Кисловодск, просп. Победы, 6",GM4r3JB2mcLLcqFTehThJP5lKl4fL8,2026-04-21,A-9144eb557651,5,"Молодцы,чисто,только немного запах рыбы .надо бы выставлять свежую. А так все нормально, товар хороший",Спасибо за приятный отзыв! Всегда рады видеть вас в нашем супермаркете.,https://yandex.ru/maps/org/108942729577/reviews
PXR-0342,Перекрёсток,review_service,Yandex Maps,store card,108942729577,"Кисловодск, просп. Победы, 6",Jrxu8IhNNoNU3FhhqodspfanK0nuTz,2026-04-21,A-b1bcdddbfe89,5,Можно найти что нужно,"Спасибо, что нашли время поделиться своими впечатлениями! Очень приятно.",https://yandex.ru/maps/org/108942729577/reviews
PXR-0343,Перекрёсток,review_service,Yandex Maps,store card,107753056573,"Москва, Можайское ш., 31, корп. 1",jLq5s-rYHiTkXtEfaJUWnTU1jlCQZ_V,2026-04-21,A-fae7fe8cce04,1,"Магазин сетевой, но почему то совсем не похож на другие. Вообще не понятно кто там отвечает за товар, все время какие то работники набирают себе целые тележки, а покупателям тележек вообще нет никогда. Может это доставка суетится, но покупатели тоже люди. Овощи и фрукты набросаны кое как, страшные, ценников не найдешь порой, все вялые, не качественные. На зелень вообще страшно смотреть. Сравниваю с другим перекрестком на ул .Мухиной. приятно зайти, полно корзинок, товар все время подкладывается, на вопросы сотрудники отвечают, все аккуратно, чисто... как будто на дпугой планете. Пожалуйста приведите в порядок магазин, он очень нужен, т.к. удобно расположен для живущих рядом людей.","Здравствуйте. Расстроены, что вам пришлось столкнуться с подобным в нашем супермаркете. Хотим уточнить некоторые моменты и разобраться в ситуации. Напишите нам, пожалуйста, в личные сообщения группы ВКонтакте https://vk.com/perekrestok_shop или в Одноклассниках https://ok.ru/perekrestok.shop ✍️",https://yandex.ru/maps/org/107753056573/reviews
PXR-0344,Перекрёсток,review_service,Yandex Maps,store card,1033549331,"Москва, ул. Покрышкина, 5",6SXC_Y1NZKUrv7eXrVX8vJSPVx_60Mx,2026-04-24,A-e704a1dd7d4f,5,"Все в наличии, отличный ассортимент. Рекомендую",Вы делаете нас лучше!,https://yandex.ru/maps/org/1033549331/reviews
PXR-0345,Перекрёсток,review_service,Yandex Maps,store card,1011746989,"Санкт-Петербург, ул. Ефимова, 2",4u5YAXthL9WjOB7wJDGTGOz2Tdv8ZKw,2026-04-25,A-532be5c2e674,1,"Сам магазин шикарен по расположению и работает круглосуточно, но персонал здесь просто ужасен. 25.04.2026 в 23:00 сделал покупки на кассе самообслуживания и пошел на выход, почти у самого выхода подбежал какой-то несуразный мужичок и начал рыться в моем пакете, конечно же я стал возмущаться, на что он начал считать покупки, ничего не объяснял, вел себя, как дикарь и что-то требовал, только потом подбежали какие-то его помощнички и догадались объяснить, что это оказывается охранник, а не просящий нужду мужик и что на мне запищала какая-то рамка. Один из них куда-то убежал, вернулся и сказал, что я могу идти, что я могу идти, я знал и без них, после чего эти три бочонка укатились дальше кошмарить покупателей","Здравствуйте. Расстроены, что вам пришлось столкнуться с подобным в нашем супермаркете. Хотим запросить подробности и разобраться в ситуации. Пожалуйста, напишите нам в личные сообщения группы ВКонтакте https://vk.com/perekrestok_shop или в Одноклассниках https://ok.ru/perekrestok.shop.",https://yandex.ru/maps/org/1011746989/reviews
PXR-0346,Перекрёсток,review_service,Yandex Maps,store card,115894975781,"Москва, Сходненская ул., 56",t2P9f1wyRnZIwtOyaNI4BNtC_KMdt9l,2026-04-25,A-3e00afd27243,5,Невероятно приятный маркет. Все что нужно нашел и остаться доволен просторным и удобным залом.,Спасибо за отзыв и высокую оценку! Для нас это важно.,https://yandex.ru/maps/org/115894975781/reviews
PXR-0347,Перекрёсток,review_service,Yandex Maps,store card,1011746989,"Санкт-Петербург, ул. Ефимова, 2",7YtUWKzrikdA0NujKs3vpVD76EW9SPoz6,2026-04-26,A-7e5f742e434a,1,"Ужасный перекресток здесь из всех мест. Грязно, пустые полки, про ценников вообще молчу. Цены высокие. Скидки практически не ожидать. Касса обслуживание, конечно, огромная, но очень тормозит экран, некоторые даже не приходит товар. Сотрудники ужасные, не хотят ничего подсказать или консультировать. На этом всё. Я лучше дальше пройдусь и зайду в другой перекресток, но точно уж не этот, ни ногой туда!!!","Здравствуйте. Готовы к диалогу в любое время — обратная связь для нас очень важна! Хотим уточним детали, чтобы быстрее всё выяснить 🙏 Пожалуйста, напишите нам в личные сообщения группы ВКонтакте https://vk.com/perekrestok_shop или в Одноклассниках https://ok.ru/perekrestok.shop ✍️",https://yandex.ru/maps/org/1011746989/reviews
PXR-0348,Перекрёсток,review_service,Yandex Maps,store card,1033549331,"Москва, ул. Покрышкина, 5",r-EtmDK35oWzJb-zrkv9gv4djZGY79g,2026-04-26,A-c6de86ca8a86,1,"Сотрудник обманул, что магазин не осуществляет нарезку колбас т.к. видимо было лень или же свинина в составе помешала это сделать. Одна звезда.","Здравствуйте. Спасибо, что сообщили нам. Хотели бы запросить подробности и разобраться. Пожалуйста, напишите нам в личные сообщения группы ВКонтакте https://vk.com/perekrestok_shop или в Одноклассниках https://ok.ru/perekrestok.shop.",https://yandex.ru/maps/org/1033549331/reviews
PXR-0349,Перекрёсток,review_service,Yandex Maps,store card,1011746989,"Санкт-Петербург, ул. Ефимова, 2",8vcKxeo5KE7wcNkgQFZptMol6BhwAwA_1,2026-04-29,A-2b4b0ff27d22,1,"Работает там одна женщина продавец очень противная, попросила сделать раздельный расчет наличкой и по карте, в ответ она сказала «девушка, мне всё равно!», впервые за долгое время решилась оплатить на кассе товары, больше так делать не буду..","Здравствуйте. Расстроены, что вам пришлось столкнуться с подобным в нашем супермаркете. Хотим запросить подробности и разобраться в ситуации. Пожалуйста, напишите нам в личные сообщения группы ВКонтакте https://vk.com/perekrestok_shop или в Одноклассниках https://ok.ru/perekrestok.shop.",https://yandex.ru/maps/org/1011746989/reviews
PXR-0350,Перекрёсток,review_service,Yandex Maps,store card,1011746989,"Санкт-Петербург, ул. Ефимова, 2",hOvBGR_S7JCoaOtSOFJUTloE1jI-cRmi,2026-04-29,A-729b2c268dc3,1,"Захожу в этот магазин время от времени, раньше всё нравилось. Но сегодня очень возмущена ситуацией. Оплачивала товары на кассе самообслуживания (14.20. по чеку), вышла из магазина, была в наушниках и не сразу услышала, что охранник кричал мне на глазах у других людей, чтобы я показала товары. Из-за наушников я не сразу поняла, что от меня требуется, и испугалась. После того, как я показала товары и чек, охранник начал несколько раз утверждать, что это не мой чек. Потом наконец рассмотрел, что все сходится, махнул рукой и даже не принес извинения. Понимаю, что в его работу входит контроль, и ошибки могут быть, но кричать и утверждать, что я обманываю - недопустимо. Тем более недопустимо не извиниться и не попытаться сгладить ситуацию после обнаружения ошибки.","Здравствуйте. Спасибо за то, что обратили наше внимание. Ни в коем случае не хотели вас разочаровать 😔 Напишите нам, пожалуйста, в личные сообщения группы ВКонтакте https://vk.com/perekrestok_shop или в Одноклассниках https://ok.ru/perekrestok.shop ✍️ Уточним детали, чтобы быстрее всё выяснитьи разобраться 🙏",https://yandex.ru/maps/org/1011746989/reviews
PXR-0351,Перекрёсток,review_service,Yandex Maps,store card,150402629053,"Москва, ул. Грина, 7",J1TEcudXBMYWa3J8rf6Tr1962v8BXc,2026-04-30,A-73c78b21b037,5,Очень крутой супермаркет ! Качество и ассортимент на 5+ молодцы !!! Вежливый и внимательный персонал говорит о прекрасном и профессиональном руководстве . Спасибо!,Благодарим за отзыв! Стараемся для вас.,https://yandex.ru/maps/org/150402629053/reviews
PXR-0352,Перекрёсток,review_service,Yandex Maps,store card,108942729577,"Кисловодск, просп. Победы, 6",Xi4LaOEg8W7qw6_1XtuhMv38YHPWc2vz,2026-05-01,A-a125c0e5476e,1,Охрана не разрешает заходить через турник ток через Касу,"Здравствуйте. Хотели бы запросить подробности и разобраться. Пожалуйста, напишите нам в личные сообщения группы ВКонтакте https://vk.com/perekrestok_shop или в Одноклассниках https://ok.ru/perekrestok.shop.",https://yandex.ru/maps/org/108942729577/reviews
PXR-0353,Перекрёсток,review_service,Yandex Maps,store card,1033549331,"Москва, ул. Покрышкина, 5",dC8s7R5MjbvNMlrllTkCtqBvUolUwywdz,2026-05-01,A-91bcd1cf1a7d,1,"Магазин хороший, но вопрос к директору магазина - сложно в кафе болты вкрутить в ножки стульев, чтобы можно было кушать не стоя??? Плюс, у вас тут граждане за столами спят, занимая места посетителей кафе, а никаких мер вы не предпринимаете. 2 звезды поэтому, вместо 5. Дополняю: 01 мая 2026г.,ситуация никак не изменилась. Отзыв снижают до 1 звезды.","Здравствуйте. Спасибо, что поделились своим опытом. Мы дорожим доверием клиентов и хотим во всём разобраться. Пожалуйста, напишите нам в личные сообщения группы ВКонтакте https://vk.com/perekrestok_shop или в Одноклассниках https://ok.ru/perekrestok.shop ✍️ Уточним некоторые моменты и всё проверим 👀",https://yandex.ru/maps/org/1033549331/reviews
PXR-0354,Перекрёсток,review_service,Yandex Maps,store card,241557372236,"Видное, Берёзовая ул., 8",foeM8b5mn3beYv38WNdRNCAmVQZ7xH7GZ,2026-05-02,A-e86f7e634d8a,1,"Сам магазин хороший, большой ассортимент , чисто в помещении, порядок на полках , никогда не было нареканий . За 6 лет посещения вашего магазина ни разу у меня не было жалоб на работу ваших сотрудников , всегда приятные и вежливые девушки , подскажут , если что спросишь , на кассах тоже и поздороваются , и улыбнутся , это всегда приятно . Я не люблю писать отзывы в принципе , даже негативные , но сегодня просто особый случай произошел с вашим кассиром по имени Лиана Кочарян. После того ,как она пробила неверно цену на товар и выбила чек , я обратила ее внимание на это , на что мне было сказано ""А что раньше вы не могли сказать ?!"" самым что ни на есть недовольным тоном . Я даже опешила от такой наглости . То есть кассир неверно пробил цену, а виноват покупатель , который не отследил это . В итоге мне , конечно , вернули разницу, но неприятный осадок остался . Присмотритесь к данному сотруднику для оценки профпригодности","Здравствуйте. Хотели бы запросить подробности и разобраться. Пожалуйста, напишите нам в личные сообщения группы ВКонтакте https://vk.com/perekrestok_shop или в Одноклассниках https://ok.ru/perekrestok.shop.",https://yandex.ru/maps/org/241557372236/reviews
PXR-0355,Перекрёсток,review_service,Yandex Maps,store card,108942729577,"Кисловодск, просп. Победы, 6",AxG0t925LqzA_ypm_Ylo6-EYt-CD5skpG,2026-05-03,A-1ecd36d662ec,3,"Давно не видел таких высоких цен. Выбор не очень большой. Части товаров, которые показаны доступными для заказа онлайн в наличии в магазине нет.","Здравствуйте. Благодарим, что поделились информацией. Обратная связь для нас очень важна. Напишите нам, пожалуйста, в личные сообщения группы ВКонтакте https://vk.com/perekrestok_shop или в Одноклассниках https://ok.ru/perekrestok.shop. Уточним детали и во всём разберёмся 👌",https://yandex.ru/maps/org/108942729577/reviews
PXR-0356,Перекрёсток,review_service,Yandex Maps,store card,108942729577,"Кисловодск, просп. Победы, 6",gKwU3qek7cpH_VGzfqF8ZkkuK0rZQa,2026-05-03,A-65c31505cb9b,5,Здесь надо быть по осторожней здесь юсеки бродят,"Спасибо, что нашли время поделиться своими впечатлениями! Очень приятно.",https://yandex.ru/maps/org/108942729577/reviews
PXR-0357,Перекрёсток,review_service,Yandex Maps,store card,1016216449,"Москва, Старокачаловская ул., 1Б",q2ybK0ojMTkvdPZWK1JSOZ3Xti3KDKR0,2026-05-03,A-fd5c531f2e32,5,"Очаровательного и трудолюбивого робота - уборщика увидел сегодня в магазине. Был приятно удивлен. Как умело и добросовестно он трудился... Огромное уважение магазину за позитивные эмоции! Лучший супермаркет района, по моему мнению.","Спасибо за отзыв! Рады, что вам нравится.",https://yandex.ru/maps/org/1016216449/reviews
PXR-0358,Перекрёсток,review_service,Yandex Maps,store card,1033549331,"Москва, ул. Покрышкина, 5",4S1Doafuam8dxlPJHcaq4i51CrHdqoM-,2026-05-04,A-32d9eb24ef06,4,"В кафе при магазине нет розеток. Когда кофе открыли, розетки были. Но после перестановок они перестали работать. Вечером хлеба, практически, нет.","Здравствуйте. Благодарим, что поделились информацией. Обратная связь для нас очень важна. Напишите нам, пожалуйста, в личные сообщения группы ВКонтакте https://vk.com/perekrestok_shop или в Одноклассниках https://ok.ru/perekrestok.shop. Уточним детали и во всём разберёмся 👌",https://yandex.ru/maps/org/1033549331/reviews
PXR-0359,Перекрёсток,review_service,Yandex Maps,store card,1016216449,"Москва, Старокачаловская ул., 1Б",5USNAmdwa0ob1ds1TBBPwougkDiM0bpsZ,2026-05-05,A-a16bdd4e5edb,5,"Магазин очень нравится, часто хожу сюда за покупками, очень чисто, уютно, красиво, вежливый персонал, всегда есть тележки, лёгкие, пластиковые, не то что раньше железо, которое не едет. Большой ассортимент товара. Рекомендую этот магазин, как самый чистый в округе",Вы делаете нас лучше!,https://yandex.ru/maps/org/1016216449/reviews
PXR-0360,Перекрёсток,review_service,Yandex Maps,store card,241557372236,"Видное, Берёзовая ул., 8",b7vv4BfR-uCsMwHD66LHsolF-2zFCA,2026-05-05,A-be771898e653,2,"Доброго времени суток. Два бала ставлю не магазину. С ним самим все хорошо. Отношение персонала к имиджу магазина мне не понравилось. Сегодня 5 мая где-то в 17 часов с несколькими минутами я стала свидетелем, как покупательница выбирала лучшую на ее взгляд клубнику из лотков, в которые была разложена клубника так, чтоб во всех лотках клубника бывала примерно одинакова. Эта дама выбрала довольно много клубники со всех лотков, некоторые лотки оказались наполовину опустошенные. Мужчина , спутник покупательницы, сделал ей едва заметное замечание по поводу ее действий . Она ответила, что не собирается брать клубнику разную, она хочет лучшую. Я подршла к охране, описала ситуацию. Но с парой только поговорили, пожурили и отпустили домой с отборной клубникой, тем самым автоматически поместив остальных покупателей в разряд низшего сорта , так скажем: ведь им, получается, придётся платить завышенную цену за оставшуюся клубнику. Я подошла и к сотруднице на кассах самообслуживания. Просила администратора. Никого не позвали. Не кажется ли , что поступок женщины сродни воровству ? Почему не предприняты действия, чтоб вернуть отобранную клубнику и не продать клубнику этим покупателям по цене, которую магазин выставил для всех покупателей? Если бы подобное действие ""исполнил"" ребёнок/подросток, то , я уверена, что им с рук не сошло бы. Теперь я буду понимать, что в этом магазине всегда будет преследовать меня шанс купить что-то из фруктов по завышенной другим покупателем цене. Фотографировать героев не стала. Посмотрите в записи с камер, уважаемые руководители магазина. Я надеюсь, хоть Вам небезраличен имидж магазина Перекресток на Березовой 8, города Видное","Здравствуйте. Хотели бы запросить подробности и разобраться. Пожалуйста, напишите нам в личные сообщения группы ВКонтакте https://vk.com/perekrestok_shop или в Одноклассниках https://ok.ru/perekrestok.shop.",https://yandex.ru/maps/org/241557372236/reviews
PXR-0361,Перекрёсток,review_service,Yandex Maps,store card,1033549331,"Москва, ул. Покрышкина, 5",mn0yeHJjWLadzEOBYpRkXUdUmDjI5_g5R,2026-05-05,A-e7091a005926,5,"Самый просторный и удобный Перекресток. Большой выбор готовой еды и фруктов . Есть возможность посидеть покушать. Часто забегаю к ним перед работой , и салатики , и любимый Том Ям , и сэндвич к чаю - день с хорошим настроением. На самообслуживании много касс, удобно. Благодаря Апельсин Пэй даже карту искать не надо. Спасибо!",Благодарим за отзыв! Стараемся для вас.,https://yandex.ru/maps/org/1033549331/reviews
PXR-0362,Перекрёсток,review_service,Yandex Maps,store card,1016216449,"Москва, Старокачаловская ул., 1Б",-xden5kyJPEQOxQFpUsXlueWsitNsz154,2026-05-06,A-604e08e4927e,5,Добрый день! Хочу выразить благодарность сотруднику магазина Перекресток кассиру Марине за внимательность и профессионализм. Спасибо.,Благодарим за отзыв! Стараемся для вас.,https://yandex.ru/maps/org/1016216449/reviews
PXR-0363,Перекрёсток,review_service,Yandex Maps,store card,108942729577,"Кисловодск, просп. Победы, 6",4ekc6s6HXztCwvKQuJPQqNdqvNANqKkad,2026-05-07,A-e5dc388971cd,5,"Хороший магазин, выбор большой, персонал всегда вежливый и отзывчивый.",Благодарим за развернутый отзыв и хорошую оценку!,https://yandex.ru/maps/org/108942729577/reviews
PXR-0364,Перекрёсток,review_service,Yandex Maps,store card,108942729577,"Кисловодск, просп. Победы, 6",ff-3Fz6yWwSsP6GvW3VGcVXPe6vqYS,2026-05-07,A-c556ff6ad061,5,"Чисто, аккуратно. Всегда огромный ассортимент товаров!",Вы делаете нас лучше!,https://yandex.ru/maps/org/108942729577/reviews
PXR-0365,Перекрёсток,review_service,Yandex Maps,store card,1033549331,"Москва, ул. Покрышкина, 5",guML3SC40bGbLHZN9MccDCNpUawF1K,2026-05-07,A-2f0291290502,2,"магазин не плохой , но уровень клиентоориентированности у работников никакой. Пришел купить салаты, продавца не было 15 мин....Уже ? На прилавке лежат соусы, спрашиваю о них ...Ответ я не знаю , не пробовала...Естественно не стал покупать...Продают кота в мешке...Руководству наверное продажи не нужны, куда люди денутся... Зачем продавать продукцию о которой ты ничего не знаешь?...","Здравствуйте! Качество обслуживания — наш безусловный приоритет, поэтому мы приносим извинения, что вы столкнулись с подобной ситуацией в нашем супермаркете. Для проведения проверки и принятия мер просим вас уточнить несколько деталей. Напишите нам, пожалуйста, в личные сообщения группы ВКонтакте https://vk.com/perekrestok_shop или в Одноклассниках https://ok.ru/perekrestok.shop ✍️ Разберёмся 🕵️‍♀️",https://yandex.ru/maps/org/1033549331/reviews
PXR-0366,Перекрёсток,review_service,Yandex Maps,store card,1011746989,"Санкт-Петербург, ул. Ефимова, 2",aDX085yIPONv2jK9RgYOtEeCULT2G9G,2026-05-08,A-b17610b87959,1,08.05.26 в кулинарии купила салат. Голая соль. Отвратительная продукция.,"Здравствуйте. Хотели бы запросить подробности и разобраться. Пожалуйста, напишите нам в личные сообщения группы ВКонтакте https://vk.com/perekrestok_shop или в Одноклассниках https://ok.ru/perekrestok.shop.",https://yandex.ru/maps/org/1011746989/reviews
PXR-0367,Перекрёсток,review_service,Yandex Maps,store card,107753056573,"Москва, Можайское ш., 31, корп. 1",ROnW7QPVxJd3C9FQfECtpWm5tHZgpS,2026-05-10,A-126dd5e9c679,3,"За последние полгода магазин сильно испортился. Сначала полностью пропали тележки (с ними теперь ходят только сами сотрудники магазина, собирающие онлайн заказы), потом исчезли корзинки с колёсиками (здесь уже сложно сказать, куда), думаю, что и простые корзинки скоро пропадут. Практически всегда работает только одна касса с кассиром. Такое впечатление, что администрация специально работает над снижением потока покупателей, чтобы можно было сосредоточиться на онлайн-продажах.","Здравствуйте. Спасибо за то, что доверили свои переживания. Огорчены, что у вас остались негативные эмоции 😔 Хотим изменить ваше мнение 👌 Пожалуйста, напишите нам в личные сообщения группы ВКонтакте https://vk.com/perekrestok_shop или в Одноклассниках https://ok.ru/perekrestok.shop ✍️ Для проверки необходимо уточнить некоторые детали.",https://yandex.ru/maps/org/107753056573/reviews
PXR-0368,Перекрёсток,review_service,Yandex Maps,store card,1033549331,"Москва, ул. Покрышкина, 5",RtEEIR6RD18xNefnXofsXnpioaSEEc_,2026-05-11,A-8500e39cda25,1,"Посещал магазин 9 мая вечером. Ставлю 1 звезду за грубые нарушения контроля качества товаров в торговом зале. Факты по ассортименту: - В отделе выпечки на полке лежал хлеб «Здоровый рецепт» с выраженными очагами плесени внутри заводской упаковки. - На витрине с напитками находился лимонад «Мандарин» со сроком годности до 28.02.2026 (на момент визита просрочка составила более 2 месяцев). Товары я приобретать не стал, оставил их на зоне касс самообслуживания, чтобы обезопасить других покупателей. Фотографии нарушений прикладываю. В тот же вечер (9 мая) я направил жалобу в службу поддержки X5 через официальное приложение. Оператор выдал номер обращения — 28801000. Однако по состоянию на 11 мая тикет так и не отобразился в моем профиле, а обратной связи от руководства супермаркета не поступило. Внутренняя система работы с жалобами не функционирует должным образом. Настоятельно рекомендую покупателям этого филиала досконально проверять сроки годности и внимательно осматривать продукцию перед оплатой.","Здравствуйте! Напишите нам, пожалуйста, в личные сообщения группы Вконтакте https://vk.com/perekrestok_shop или в Одноклассниках https://ok.ru/perekrestok.shop ✍️ Расскажите подробнее — мы обязательно разберёмся в ситуации и сделаем всё возможное, чтобы исправить сложившееся впечатление 👌",https://yandex.ru/maps/org/1033549331/reviews
PXR-0369,Перекрёсток,review_service,Yandex Maps,store card,1011746989,"Санкт-Петербург, ул. Ефимова, 2",dFQeYg-2N_6-5aYSshAmxS_KbiCCC__1a,2026-05-14,A-64140c3a174a,5,Огромный выбор. Захожу сюда на обеденный перерыв. Чисто.,"Благодарим за положительный отзыв! Приятно, что смогли порадовать вас.",https://yandex.ru/maps/org/1011746989/reviews
PXR-0370,Перекрёсток,review_service,Yandex Maps,store card,108942729577,"Кисловодск, просп. Победы, 6",1Ao-F7cFqVY2LDMW5wXLbzCV9qkdvl,2026-05-15,A-cf7d55c38bc0,5,"Отличное место для закупок продуктов, товаров, удобное место расположения в центре города, имеется бесплатная парковка с ограничением до двух астрономических часов с охраняемой территорией. Магазин удобно расположен можно купить много продовольственных товаров, товаров хозяйственного назначения, использовать при транспортировке до стоянки автомобиля продуктовые тележки, очень удобно особенно для тех кому нельзя поднимать тяжелые вещи. Продукция магазина качественная, в магазине всегда есть широкий выбор товаров, в магазине чистая и приятная атмосфера.",Спасибо за выбор нашей сети и такой чудесный отзыв!,https://yandex.ru/maps/org/108942729577/reviews
PXR-0371,Перекрёсток,review_service,Yandex Maps,store card,1011746989,"Санкт-Петербург, ул. Ефимова, 2",VjogYulGnWPx33en5QMVjv2VHZ3yU7,2026-05-15,A-c6ac8f4c5fba,2,"Зашли за капроновыми носками. Выбрали товар под которым ценник с идентичным названием, пошли на кассу самообслуживания. Бьётся на 50₽ дороже заявленной цены. Пошли в кассу отстояли очередь. Там также . Отправили нас в соседнюю кассу , где обслуживал старший кассир. Не приветливая, мягко говоря женщина объяснила, что код другой и она не виновата, что гастарбайтеры неправильно выкладывают товар. Неправильный старший кассир. Так не общаются с покупателями.","Здравствуйте. Хотели бы запросить подробности и разобраться. Пожалуйста, напишите нам в личные сообщения группы ВКонтакте https://vk.com/perekrestok_shop или в Одноклассниках https://ok.ru/perekrestok.shop.",https://yandex.ru/maps/org/1011746989/reviews
PXR-0372,Перекрёсток,review_service,Yandex Maps,store card,108942729577,"Кисловодск, просп. Победы, 6",lRrtRkU9h4Rt1W9hWCI-XYlK1qtZ2Vj,2026-05-15,A-564b5acc0884,2,"Много просрочки, свежий злеб не нашли кофе не долевают, а ценник повыше чем в ГУМе. На кассе самообслуживания срачь. И это все за 10 мин нахождения в магазине.","Здравствуйте. Хотели бы запросить подробности и разобраться. Пожалуйста, напишите нам в личные сообщения группы ВКонтакте https://vk.com/perekrestok_shop или в Одноклассниках https://ok.ru/perekrestok.shop.",https://yandex.ru/maps/org/108942729577/reviews
PXR-0373,Перекрёсток,review_service,Yandex Maps,store card,1011746989,"Санкт-Петербург, ул. Ефимова, 2",F-DFL6J3Xc1E9e3-Q4FflM-5rH0a-EzK,2026-05-16,A-1064beec9e81,5,"Хороший и большой магазин, всё чисто, все товары в наличии, добрый персонал которые всегда с улыбкой помогут найти что-то нужное)",Спасибо за приятный отзыв! Всегда рады видеть вас в нашем супермаркете.,https://yandex.ru/maps/org/1011746989/reviews
PXR-0374,Перекрёсток,review_service,Yandex Maps,store card,108942729577,"Кисловодск, просп. Победы, 6",NJWqflU2Y6xJvmaVr38g9XMHLN8EBci,2026-05-18,A-3d01bc3d6d5a,5,"магазин как магазин, ассортимент хороший, цены как всегда завышенные",Спасибо за ваш отзыв! Будем рады снова видеть вас в нашем супермаркете.,https://yandex.ru/maps/org/108942729577/reviews
PXR-0375,Перекрёсток,review_service,Yandex Maps,store card,115894975781,"Москва, Сходненская ул., 56",PN-iHviRWrErCFK-r4jxR2LTJzobzL,2026-05-18,A-0185092b2977,1,Была замечена крыса или мышь,"Здравствуйте. Спасибо за обратную связь! Мы хотим провести проверку. Пожалуйста, напишите нам в личные сообщения группы ВКонтакте https://vk.com/perekrestok_shop или в Одноклассниках https://ok.ru/perekrestok.shop.",https://yandex.ru/maps/org/115894975781/reviews
PXR-0376,Перекрёсток,review_service,Yandex Maps,store card,1011746989,"Санкт-Петербург, ул. Ефимова, 2",dW3AyXgtJQzmyHkRYzjsFZ5UxmQuQk79n,2026-05-18,A-13f5b632406e,3,"По выбору товаров, количеству касс самообслуживания магазин на хорошем уровне. Расстраивает только зона кафе - ни одной лампы не расположено строго на столом. Сидишь читаешь в темноте. Не понимаю как так бездарно можно было расположить инсталляцию","Здравствуйте! Большое спасибо, что нашли время поделиться своим мнением. Будем признательны, если вы направите ваши замечания или пожелания в личные сообщения группы ВКонтакте https://vk.com/perekrestok_shop или в Одноклассниках https://ok.ru/perekrestok.shop ✍",https://yandex.ru/maps/org/1011746989/reviews
PXR-0377,Перекрёсток,review_service,Yandex Maps,store card,241557372236,"Видное, Берёзовая ул., 8",q0QzSdZalJL_roVWFsJzNC0xmg9fOp2w,2026-05-19,A-1b573bf48b0d,1,Не одной кассы не работало ночью,"Павел, здравствуйте. Спасибо за обратную связь! Комфорт клиентов очень важен для нас, поэтому всегда решим вопрос. В случае отсутствия продавца или кассира, пожалуйста, напишите нам в личных сообщениях в Вконтакте (https://vk.com/gim19098502) или в Одноклассниках (https://ok.ru/group/54048360169715/messages).",https://yandex.ru/maps/org/241557372236/reviews
PXR-0378,Перекрёсток,review_service,Yandex Maps,store card,108942729577,"Кисловодск, просп. Победы, 6",i2fAJipnSRkZrq_XIRKAWtCJIT-KzBnt,2026-05-20,A-05894c1301dd,5,"Приезжаем раз в год в санаторий и сюда заглядываем. Все чистенько и по полочкам разложено. Если надо, то быстро подскажут,что и где. Берем кефир Чабан.Нам очень нравится.",Ждём вас в наших супермаркетах!,https://yandex.ru/maps/org/108942729577/reviews
PXR-0379,Перекрёсток,review_service,Yandex Maps,store card,108942729577,"Кисловодск, просп. Победы, 6",oSOD0Khv4EnyuXMvep0BobjycCZrtWuU,2026-05-22,A-0f5c1a734dc6,5,"Самый лучший асортимент продуктов, хлебобулочные изделия очень вкусные.",Спасибо за приятный отзыв! Всегда рады видеть вас в нашем супермаркете.,https://yandex.ru/maps/org/108942729577/reviews
PXR-0380,Перекрёсток,review_service,Yandex Maps,store card,115894975781,"Москва, Сходненская ул., 56",6KNzHj6r55F9xNmn0H9YhdUk8G8Da3A,2026-05-23,A-f1b070b2374f,3,"Обычный магазин, как и все Перекрёстки, если небольшой выбор возле дома магазинов, то пойдёт.","Ксения, здравствуйте. Благодарим вас за отзыв и за то, что выбираете наш магазин. Хотим запросить информацию об ассортименте. Напишите, пожалуйста, нам подробности в личных сообщениях в Вконтакте (https://vk.com/write-19098502) или в Одноклассниках (https://ok.ru/group/54048360169715/messages).",https://yandex.ru/maps/org/115894975781/reviews
PXR-0381,Перекрёсток,review_service,Yandex Maps,store card,1016216449,"Москва, Старокачаловская ул., 1Б",HuKTv8laqJEKf6qUnTJu7Wou3JpGbVd,2026-05-23,A-8ec5aaf3b0fe,5,"Ван лав! Есть практически всё, что нужно. Онлайн кассы очень облегчают жизнь. П.с: Сделайте уже лестницу и договоритесь о передислокации Сифона и Бороды! Вообще контроль над подходными путями хромает последние лет 5.",Спасибо за отзыв и высокую оценку! Для нас это важно.,https://yandex.ru/maps/org/1016216449/reviews
PXR-0382,Перекрёсток,review_service,Yandex Maps,store card,1016216449,"Москва, Старокачаловская ул., 1Б",ahOPRNxRUZErnpukbQhGqCSOWF3lTi1bF,2026-05-23,A-50943b2a9c09,5,Любимый магазин,Спасибо за обратную связь!,https://yandex.ru/maps/org/1016216449/reviews
PXR-0383,Перекрёсток,review_service,Yandex Maps,store card,1346437790,"Москва, Сормовская ул., 6",jaDN_QwWD-NH26qXmYr_j4eWy_vv6eia7,2026-05-23,A-33b7ffe0ac78,5,"хороший магазин, находится рядом с домом, перестановок стелажей не бывает. персонал добрый, есть кассы самообслуживания. цены доступные, везде чисто, свежая рыба почти всегда есть. приятные акции","Спасибо за отзыв! Рады, что вам нравится.",https://yandex.ru/maps/org/1346437790/reviews
PXR-0384,Перекрёсток,review_service,Yandex Maps,store card,1033549331,"Москва, ул. Покрышкина, 5",elaP4tpGru3p-0HIXT0pwFM2T2P9ah2Zd,2026-05-24,A-f3bc511e2742,3,"В туалете в ТЦ почти никогда нет мыла и бумаги. Было бы здорово, если бы Перекрёсток обеспечил его мылом и бумагой — клиенты из вашего кафе пользуются этой туалетной комнатой, так как в кафе Перекрёстка своей нет. Остальное всё хорошо.","Здравствуйте. Хотели бы запросить подробности и разобраться. Пожалуйста, напишите нам в личные сообщения группы ВКонтакте https://vk.com/perekrestok_shop или в Одноклассниках https://ok.ru/perekrestok.shop.",https://yandex.ru/maps/org/1033549331/reviews
PXR-0385,Перекрёсток,review_service,Yandex Maps,store card,115894975781,"Москва, Сходненская ул., 56",D3JMjtQGWk-_vE52a7lubLXKOMJsNvF18,2026-05-25,A-523870769693,2,"В 20.30 в отделах мясо, рыба и сыры один продавец((( Рыбу разделать не смог так как сильно занят…","Здравствуйте. Благодарим за опыт, которым вы поделились. Нам важно разобраться в ситуации провести проверку👌Пожалуйста, напишите нам в личные сообщения группы ВКонтакте https://vk.com/perekrestok_shop или в Одноклассниках https://ok.ru/perekrestok.shop ✍️ Уточним некоторые моменты.",https://yandex.ru/maps/org/115894975781/reviews
PXR-0386,Перекрёсток,review_service,Yandex Maps,store card,241557372236,"Видное, Берёзовая ул., 8",7IsrxM6a1DJGDrCDjX-VCN5pt3ijfSyM,2026-05-26,A-911b50e5ca23,5,Очень нравится ассортимент отличный и всегда все свежее,"Мы рады, что вам нравится в Перекрёстке!",https://yandex.ru/maps/org/241557372236/reviews
PXR-0387,Перекрёсток,review_service,Yandex Maps,store card,115894975781,"Москва, Сходненская ул., 56",IpP8rheMl7sEor0tEtOkfiIggH9rSq2h,2026-05-26,A-18c993730e56,1,"Это самая ужасная доставка была сегодня, за всё время сколько я делаю заказы, вижу первый раз такое отношение. Половина товара не довезли, хлеб не свежий, лук гнилой, в чеке сумма одна, из карты списана другая. Вы вообще оборзели???","Здравствуйте. Для нас крайне важно, чтобы наш сервис оставлял у вас только положительные эмоции. Простите, что не оправдали ваших ожиданий 😔 Позвольте разобраться в причинах возникшей ситуации. Свяжитесь, пожалуйста, с нами в личных сообщениях группы ВКонтакте https://vk.com/perekrestok_shop или в Одноклассниках https://ok.ru/perekrestok.shop и расскажите обо всём подробнее. Проведём проверку 🕵️‍♀️",https://yandex.ru/maps/org/115894975781/reviews
PXR-0388,Перекрёсток,review_service,Yandex Maps,store card,1033549331,"Москва, ул. Покрышкина, 5",Q7kqrmgfLA-LszKjd6lAoV_Bqy3Gv8e,2026-05-26,A-54a58165b3ac,4,"«Перекрёсток хороший, но есть минус: я купил себе напиток, оплатил его на кассе самообслуживания, и ко мне подошёл какой-то таджик (охранник), дёрнул меня за руку и сказал, что я не купил напиток, хотя я ему показал чек за этот напиток а он все равно заставил оплатить второй раз». В сумме минус 400 рублей за один напиток.","Здравствуйте. Спасибо, что нашли время написать отзыв. Мы ценим обратную связь.Расскажите, пожалуйста, подробнее в личных сообщениях группы ВКонтакте https://vk.com/perekrestok_shop или в Одноклассниках https://ok.ru/perekrestok.shop ✍️ Во всём разберёмся 🙌",https://yandex.ru/maps/org/1033549331/reviews
PXR-0389,Перекрёсток,review_service,Yandex Maps,store card,150402629053,"Москва, ул. Грина, 7",0PAXCWYet06Vxk2q8mCYEpt7nAQkiDYKw,2026-05-27,A-52d4e6789bdd,5,"Отличный магазин! Всегда чисто и апприятно. Персонал быстро сориентирует , если возникнут вопросы. Всегда свежие товары, стеллажи, витрины и холодильники всегда радуют взгляд. Спасибо Вам что стараетесь для Нас 💜",Благодарим за отзыв! Стараемся для вас.,https://yandex.ru/maps/org/150402629053/reviews
PXR-0390,Перекрёсток,review_service,Yandex Maps,store card,1011746989,"Санкт-Петербург, ул. Ефимова, 2",kFbP-QZlaBeJmmLEr72PSZBTF8of6hz,2026-05-28,A-34011780eef0,1,28.05 купила моцареллу SWEZА срок был крайний но еще не испорчена. На вкус горькая и ощущается неприятный запах Просьба хотя бы убрать с прилавка),"Здравствуйте. Хотели бы запросить подробности и разобраться. Пожалуйста, напишите нам в личные сообщения группы ВКонтакте https://vk.com/perekrestok_shop или в Одноклассниках https://ok.ru/perekrestok.shop.",https://yandex.ru/maps/org/1011746989/reviews
PXR-0391,Перекрёсток,review_service,Yandex Maps,store card,1011746989,"Санкт-Петербург, ул. Ефимова, 2",mZ2YzYSXEbL8os4UBcpV-vJtgKRtf_xPu,2026-05-28,A-50f9f499b9be,1,"Отрицательные впечатления от магазина. Половины продукции по несколько дней нет, полки пустые, сотрудника не найдешь, а теперь еще и товары на кассах не бьются, потому что «с 6 утра готовая продукция не работает», но об этом покупатель узнает только на кассе, задав вопрос. Раньше закрывала глаза на все недостатки, но сегодня была последняя капля. Лучше пройти пару метров до соседнего Магнита, чем зайти сюда.","Простите, что вы столкнулись с таким в нашем супермаркете. Мы обязательно разберёмся, что пошло не так, и всё исправим. Напишите, пожалуйста, нам подробности в личных сообщениях в Вконтакте (https://vk.com/write-19098502) или в Одноклассниках (https://ok.ru/group/54048360169715/messages).",https://yandex.ru/maps/org/1011746989/reviews
PXR-0392,Перекрёсток,review_service,Yandex Maps,store card,115894975781,"Москва, Сходненская ул., 56",qKj9cAYIJ7YZVjfq7HHj55KR4jK7OQur,2026-05-28,A-d190b1bfe197,2,"От магазина сети перекресток обычно ожидаешь большего. Крайне скудный выбор мяса, практически никогда нет филе курицы, слабое качество овощей (почти все базовые овощи мятые, цветут, гниют и тд). Обнаружено отсутствие колы без сахара (да и в целом выбор напитков без сахара оставляет желать лучшего), лежавшие по 3 недели яйца с подходящим сроком годности. Вдобавок месяца 3 назад брали фует - после вскрытия обнаружили, что плесень на нем далеко не ""благородная""... 2 месяца назад купили гнилой внутри помело. Месяц назад такая же ситуация возникла с запечатанным сыром (упаковка не позволяла провести должный осмотр. Как итог: минимизировали походы в данный магазин, хотя был самым удобным в рамках расположения к дому - просто устали после вскрытия выбрасывать свеже купленные товары...","Здравствуйте. Хотели бы запросить подробности и разобраться. Пожалуйста, напишите нам в личные сообщения группы ВКонтакте https://vk.com/perekrestok_shop или в Одноклассниках https://ok.ru/perekrestok.shop.",https://yandex.ru/maps/org/115894975781/reviews
PXR-0393,Перекрёсток,review_service,Yandex Maps,store card,1106270812,"Санкт-Петербург, Пражская ул., 48/50",M9EcpEMCT74BHuAlhZ8YRZ2ZN2Doi5,2026-05-29,A-e89797205440,5,Отличный магазин. Огромный ассортимент. Легко ориентироваться в магазине. Ходим сюда часто. Из продуктовых магазинов он наш любимчик!,Благодарим за развернутый отзыв и хорошую оценку!,https://yandex.ru/maps/org/1106270812/reviews
PXR-0394,Перекрёсток,review_service,Yandex Maps,store card,1033549331,"Москва, ул. Покрышкина, 5",PkDKcaB_i6pP4LlG1rbk_mWxQh-i7SuYQ,2026-05-29,A-3ebf582d2129,2,"Магазин стал ужасный, продавцов не хватает - в мясном и рыбном всегда приходится ждать, когда кто-то придет, иногда долго. Я хожу в этот магазин больше 10 лет. Персонал, мягко говоря, перестал соответствовать уровню «Перекрестка», сегодня мне нахамил дядечка южных кровей за то, что я неаккуратно( как ему показалось) поставила обратно бутылку кефира( вообще-то аккуратно), я в шоке, это где таких набирают? Их вообще обучают общаться с клиентами? Или это уже не «Перекресток»? Прошу сеть проверить данный магазин на соответствие стандартам «Перекрестка»","Здравствуйте. Расстроены, что вам пришлось столкнуться с подобным в нашем супермаркете. Хотим запросить подробности и разобраться в ситуации. Пожалуйста, напишите нам в личные сообщения группы ВКонтакте https://vk.com/perekrestok_shop или в Одноклассниках https://ok.ru/perekrestok.shop.",https://yandex.ru/maps/org/1033549331/reviews
PXR-0395,Перекрёсток,review_service,Yandex Maps,store card,1011746989,"Санкт-Петербург, ул. Ефимова, 2",0023DDIY_aHaFbT_Gn-uyH6HoyHC7w2,2026-05-31,A-7aabf0ab3516,1,"Неоднократно бывал в этом перекрестке 3 случая из-за которых 1 звезда: 1) хамовитая кассирша отослала к кассе самообслуживания хотя на её кассе никого не было, а вот у самообслуживания была очередь. 2) 1 раз попалось шаурма без обертки больше не брал здесь шаурму. 3) *** не дал зарядиться со словами мы закрыты мы тут работаем, сам толстячок сидел на зарядке и ничего не делал. Мерзкое место как будто сельпо, а не нормальная сетка.","Здравствуйте. Простите за ситуацию в нашем супермаркете. Мы сделаем работу над ошибками и улучшим сервис. Напишите, пожалуйста, нам подробности в личных сообщениях в Вконтакте (https://vk.com/write-19098502) или в Одноклассниках (https://ok.ru/group/54048360169715/messages).",https://yandex.ru/maps/org/1011746989/reviews
PXR-0396,Перекрёсток,review_service,Yandex Maps,store card,1011746989,"Санкт-Петербург, ул. Ефимова, 2",SrjHS8ZbfcIO4_Gn2Ok6mKN6N-ygdhU,2026-05-31,A-3f484a5a35c4,3,"В целом продукты хорошие, свежие. Всё качественно, хорошие скидки. Но много нюансов: купить развесной товар - это квест. Сотрудников катастрофически не хватает, можно простоять долго и никто тебя не обслужит. «Эффективные менеджеры», видимо, сократили персонал не думая о клиентах. Ценники тоже надо проверять: иногда акционная цена на кассе не срабатывает. Да и висят ценники не всегда корректно у товара, всё время приходится проверять. Так что закладывайте на это время и нервы. В качестве альтернативы - рядом два других супермаркета и Сенной рынок, где таких проблем нет","Здравствуйте. Хотели бы запросить подробности и разобраться. Пожалуйста, напишите нам в личные сообщения группы ВКонтакте https://vk.com/perekrestok_shop или в Одноклассниках https://ok.ru/perekrestok.shop.",https://yandex.ru/maps/org/1011746989/reviews
PXR-0397,Перекрёсток,review_service,Yandex Maps,store card,150402629053,"Москва, ул. Грина, 7",sgEjlmUMe6u_QQkAzyRqkyPU3RmvH4,2026-06-01,A-0a392d7c0cd2,5,"В кафе работают милейшие сотрудницы)) люблю брать здесь кофе больше,чем у себя на донского .овощи и зелень попадаются лично мне свежее ,чем в филиале у моего дома .много касс самообслуживания,никогда не стою в очереди.",Спасибо за обратную связь!,https://yandex.ru/maps/org/150402629053/reviews
PXR-0398,Перекрёсток,review_service,Yandex Maps,store card,150402629053,"Москва, ул. Грина, 7",LR2-_03wU2qJ6J9Q8mGoAemQi2wddP,2026-06-02,A-46bd4ddee46a,2,Несмотря на наличие очереди в пиковые часы держат выключенными половину терминалов оплаты при одном работающем кассире,"Здравствуйте. Спасибо, что поделились своим мнением. Обратная связь для нас очень важна. Напишите нам, пожалуйста, в личные сообщения группы ВКонтакте https://vk.com/perekrestok_shop или в Одноклассниках https://ok.ru/perekrestok.shop ✍️ Уточним некоторые моменты и обязательно всё проверим 🕵️‍♀️",https://yandex.ru/maps/org/150402629053/reviews
PXR-0399,Перекрёсток,review_service,Yandex Maps,store card,241557372236,"Видное, Берёзовая ул., 8",TS6YJ4WVloMLj34FtGCvFIEqW25XXz,2026-06-02,A-f56a8687166c,5,"Хороший , просторный и удобный! Хорошие акции! И самое главное: большой выбор!",Вы делаете нас лучше!,https://yandex.ru/maps/org/241557372236/reviews
PXR-0400,Перекрёсток,review_service,Yandex Maps,store card,1016216449,"Москва, Старокачаловская ул., 1Б",p8PfY4qKpWx1L6VzL5jAfRuQZOlu4Ehq,2026-06-03,A-8a77a010762b,1,"Отвратительный магазин,заезжаю по ночам всегда что то не так,то кассы не работают то сервер отключён и поэтому ничего пробить не могут,как дурак ходишь 30 мин по магазину набераешь еду,а подходя к кассе узнаешь,что половину пробить нельзя","Здравствуйте. Спасибо, что нашли время написать отзыв. Мы ценим обратную связь.Расскажите, пожалуйста, подробнее в личных сообщениях группы ВКонтакте https://vk.com/perekrestok_shop или в Одноклассниках https://ok.ru/perekrestok.shop ✍️ Во всём разберёмся 🙌",https://yandex.ru/maps/org/1016216449/reviews
PXR-0401,Перекрёсток,review_service,Yandex Maps,store card,1011746989,"Санкт-Петербург, ул. Ефимова, 2",7LfAdwyfKXRnuZewsiFjo5yJOE5fEW,2026-06-05,A-c2be05f45cde,5,Отлично! Все есть!,"Спасибо, что нашли время поделиться своими впечатлениями! Очень приятно.",https://yandex.ru/maps/org/1011746989/reviews
PXR-0402,Перекрёсток,review_service,Yandex Maps,store card,1011746989,"Санкт-Петербург, ул. Ефимова, 2",Rih9GIpxeVml4ff9jzObt2iuB0hAng,2026-06-07,A-b96dee556ff9,1,"Работали только кассы только самообслуживания, с наличными не было возможности обслуживания. Сотрудники прлигнорировали","Здравствуйте. Спасибо за то, что доверили свои переживания.Хотим изменить ваше мнение 👌 Пожалуйста, напишите нам в личные сообщения группы ВКонтакте https://vk.com/perekrestok_shop или в Одноклассниках https://ok.ru/perekrestok.shop ✍️ Для проверки необходимо уточнить некоторые детали.",https://yandex.ru/maps/org/1011746989/reviews
PXR-0403,Перекрёсток,review_service,Yandex Maps,store card,1011746989,"Санкт-Петербург, ул. Ефимова, 2",ge0QnAuaR2VxttLQ69raxDhn5Eieip5,2026-06-11,A-ca7422ab0cc5,5,Я часто бываю... очень удобно Особенно где место кулинария.. Кофе натуральная.. причем за 89 р 200мм. Девушки обслуживают Очень хорошо.. Светлана .. Наталья.. Маргарита.. Они профессиональные сотрудники. Спасибо большое вам.,Спасибо за отзыв и высокую оценку! Для нас это важно.,https://yandex.ru/maps/org/1011746989/reviews
PXR-0404,Перекрёсток,review_service,Yandex Maps,store card,108942729577,"Кисловодск, просп. Победы, 6",lEKEHZB_ptoYOQX9iCmlMgDkgvjYgD,2026-06-11,A-07d29eea563a,4,"Не знаю что сказать, перекресток как перекресток.",Здравствуйте! Спасибо за ваше мнение. Есть замечания или пожелания? Пишите в личные сообщения группы ВКонтакте https://vk.com/perekrestok_shop или в Одноклассниках https://ok.ru/perekrestok.shop ✍ Мы всегда рады обратной связи!,https://yandex.ru/maps/org/108942729577/reviews
PXR-0405,Перекрёсток,review_service,Yandex Maps,store card,1011746989,"Санкт-Петербург, ул. Ефимова, 2",nzyGnTArMTR8B0OnIlLgDl70zaOFtXd,2026-06-11,A-eb70adb92f5f,1,"Отвратительный магазин, понабрали идиоток. Одна касса на весь магазин. Закройтесь и не позоритесь лучше!","Здравствуйте. Расстроены, что вам пришлось столкнуться с подобным в нашем супермаркете. Хотим запросить подробности и разобраться в ситуации. Пожалуйста, напишите нам в личные сообщения группы ВКонтакте https://vk.com/perekrestok_shop или в Одноклассниках https://ok.ru/perekrestok.shop.",https://yandex.ru/maps/org/1011746989/reviews
PXR-0406,Перекрёсток,review_service,Yandex Maps,store card,1011746989,"Санкт-Петербург, ул. Ефимова, 2",uUox-03IBSSx0xs3klusOIh5yYUurnhC,2026-06-11,A-120e5cfa7834,1,Продавшица в мясном отделе очень грубая с покупателями и даже своими коллегами. Страшно обращаться к ней. Абсолютно невоспитанная и бестактная.,"Здравствуйте. Хотели бы запросить подробности и разобраться. Пожалуйста, напишите нам в личные сообщения группы ВКонтакте https://vk.com/perekrestok_shop или в Одноклассниках https://ok.ru/perekrestok.shop.",https://yandex.ru/maps/org/1011746989/reviews
PXR-0407,Перекрёсток,review_service,Yandex Maps,store card,1016216449,"Москва, Старокачаловская ул., 1Б",ULGnXO1LFDQuzqbX1UoGk5fLthSE5rF,2026-06-12,A-80cdfc399249,1,Не берите молоко можно отравиться взяла клубничное молоко и походу отравилась,"Здравствуйте! Давайте вместе разберёмся, в чём дело, — мы сделаем всё, чтобы исправить ситуацию и порадовать вас! Напишите нам, пожалуйста, в личные сообщения группы ВКонтакте https://vk.com/perekrestok_shop или в Одноклассниках https://ok.ru/perekrestok.shop ✍️ Всё проверим!",https://yandex.ru/maps/org/1016216449/reviews
PXR-0408,Перекрёсток,review_service,Yandex Maps,store card,108942729577,"Кисловодск, просп. Победы, 6",-7VZq1Um5t182ETGSEqzzrzuRLVSNZxmc,2026-06-13,A-41a435589657,5,"Отличный выбор, свежие продукты",Ждём вас в наших супермаркетах!,https://yandex.ru/maps/org/108942729577/reviews
PXR-0409,Перекрёсток,review_service,Yandex Maps,store card,108942729577,"Кисловодск, просп. Победы, 6",AddxO-H9lMV0ESNatIZm4_z-n9yPJqGn,2026-06-13,A-f20f01e6cee5,2,"Я всегда считала, что самые лучшие и свежие товары можно купить именно в этом магазине. Поэтому, именно из-за качества, ездила в этот магазин. Сегодня купила в этом магазине козье молоко для ребенка. Дома открыли, оно оказалось прокисшим, хотя по дате изготовления и срокам хранения было всё нормально. Вернулась в магазин заменить товар. Подумала,что поглубже в холодильнике температура ниже, раздвинула первый ряд бутылочек, а во втором ряду всё это молоко уже свернувшееся стоит. Да ещё к бутылочке черный волос прилип, фу! Фото прилагаю. И никто из работников этого не видит. Я обратила внимание продавца на этот факт. Никто не стал убирать этот товар с прилавка. Потому что время 21-30 и скоро конец рабочего дня.","Здравствуйте! Простите за то, что качество товаров не оправдало ваших ожиданий. Мы хотим во всём разобраться и исправить ситуацию — пожалуйста, поделитесь с нами подробностями. Напишите нам, пожалуйста, в личные сообщения группы ВКонтакте https://vk.com/perekrestok_shop или в Одноклассниках https://ok.ru/perekrestok.shop ✍️ Всё проверим 🕵️‍♀️",https://yandex.ru/maps/org/108942729577/reviews
PXR-0410,Перекрёсток,review_service,Yandex Maps,store card,1346437790,"Москва, Сормовская ул., 6",PoRKWRbhyOQkrCj5R6SOX3e6PAWbZmgkJ,2026-06-13,A-2952c46900e2,3,"Лето в самом разгаре, ни одного рабочего холодильника с хотя бы прохладной водой, нашли только один еле еле рабочий холодильник с едва прохладным энергетиком","Здравствуйте. Спасибо за то, что обратили наше внимание. Хотим изменить ваше мнение о сервисе. Пожалуйста, напишите нам в личные сообщения группы ВКонтакте https://vk.com/perekrestok_shop или в Одноклассниках https://ok.ru/perekrestok.shop ✍️ Уточним детали и обязательно разберёмся в ситуации.",https://yandex.ru/maps/org/1346437790/reviews
PXR-0411,Перекрёсток,review_service,Yandex Maps,store card,1033549331,"Москва, ул. Покрышкина, 5",dw9LG0KoDQTAdn2QC3AkS10F_IcBDaRw9,2026-06-15,A-4a44d1ba58dc,1,"Сегодня на кассе самообслуживания охраник повел себя крайне некорректно. Стал утверждать что что-то из товаров не было пробито. На момент когда он подошёл, я отсканировала всего один товар. Который находился в чеке. Извинений за свое грубое поведение он не принес. Продолжил стоять надо мной и утверждать что я что-то не пробила. Что конкретно сказать не мог. Но успел перетрогать все покупки. Ощущение как в магазине из сельской глубинки. Давно в Москве такого не встречала. Кассир принес свои извинения. Но внимание на поведение Аслана и на его умение коммуницировать с людьми со стороны администрации магазина стоит обратить. Существует банальная вежливость и тактичность.","Здравствуйте. Мы ценим каждого клиента и стремимся поддерживать высокий уровень сервиса. Хотим запросить подробности и разобраться. Напишите нам, пожалуйста, в личные сообщения группы ВКонтакте https://vk.com/perekrestok_shop или в Одноклассниках https://ok.ru/perekrestok.shop ✍️",https://yandex.ru/maps/org/1033549331/reviews
PXR-0412,Перекрёсток,review_service,Yandex Maps,store card,108942729577,"Кисловодск, просп. Победы, 6",TPDrKv0s-Jo5mViM1WLSWP4c_gzODl,2026-06-16,A-744cee4ceaac,5,Единственный в городе магазин такого уровня. Хороший магазин. Рекомендую,Спасибо за выбор нашей сети и такой чудесный отзыв!,https://yandex.ru/maps/org/108942729577/reviews
PXR-0413,Перекрёсток,review_service,Yandex Maps,store card,241557372236,"Видное, Берёзовая ул., 8",5csUMZvgDUxvrZWzAZjNdgxF8-XSuQ,2026-06-17,A-8f14c5510b27,1,Очень все дорого и грязно,"Здравствуйте! Спасибо за то, что обратили наше внимание. Мы глубоко ценим мнение каждого клиента.Наша команда готова приложить все усилия, чтобы изменить ваше впечатление о сервисе. Пожалуйста, найдите минутку и напишите нам в личные сообщения группы ВКонтакте https://vk.com/perekrestok_shop или в Одноклассниках https://ok.ru/perekrestok.shop. Уточним все нюансы и сделаем всё, чтобы исправить сложившееся положение.",https://yandex.ru/maps/org/241557372236/reviews
PXR-0414,Перекрёсток,review_service,Yandex Maps,store card,241557372236,"Видное, Берёзовая ул., 8",KhNMLNTO6NBXEi7bL9b5w1CXrVpyUKHM5,2026-06-18,A-ad2288bafa61,5,"Отличный, уютный, супермаркет! Можно купить всё, компакт гипермаркет!","Мы рады, что вам нравится в Перекрёстке!",https://yandex.ru/maps/org/241557372236/reviews
PXR-0415,Перекрёсток,review_service,Yandex Maps,store card,1033549331,"Москва, ул. Покрышкина, 5",orIhQlZqJi-IAE1ppDke-CQ9pA9lVz,2026-06-19,A-7d5d683d2fc4,4,"Изменяю свой отзыв написанный в 2019 , перекресток переродился , светло кругом все красиво и свежо , фрукты и овощи не залежались я молочная продукция с хорошими сроками годности , одним словом хороший доступный магазин с хорошим выбором товаров для дома","Здравствуйте! Благодарим за за тёплые слова и признание наших усилий ✨ Нам чрезвычайно приятно, что вы остаётесь с нами и отмечаете положительные стороны нашей работы. Если у вас возникнут какие-либо мысли, идеи или пожелания — будем признательны, если вы поделитесь ими с нами в личных сообщениях группы ВКонтакте https://vk.com/perekrestok_shop или в Одноклассниках https://ok.ru/perekrestok.shop 👌 Ваше мнение помогает нам расти и совершенствоваться.",https://yandex.ru/maps/org/1033549331/reviews
PXR-0416,Перекрёсток,review_service,Yandex Maps,store card,108942729577,"Кисловодск, просп. Победы, 6",qsqavTiV5qClm1WQ5aS7n41aUT-yxFJp-,2026-06-20,A-c7246bb07596,5,"Единственный магазин в Кисловодск, который соблюдает стандарты выкладки товара. Кассиров маловато.",Благодарим за отзыв! Стараемся для вас.,https://yandex.ru/maps/org/108942729577/reviews
PXR-0417,Перекрёсток,review_service,Yandex Maps,store card,241557372236,"Видное, Берёзовая ул., 8",8hzrFkvNmzXbTGBGGTptVIcvIC3W-p-qU,2026-06-21,A-11582adb37f6,5,"Большой ассортимент товара, я с другого города и была приятно удивлена такому большому выбора.",Спасибо за ваш отзыв! Будем рады снова видеть вас в нашем супермаркете.,https://yandex.ru/maps/org/241557372236/reviews
PXR-0418,Перекрёсток,review_service,Yandex Maps,store card,1011746989,"Санкт-Петербург, ул. Ефимова, 2",b48YwzhmBLx86X333l9cX-TpFiuHUg,2026-06-21,A-e2c07346c20d,1,"Чек не дали, товар со стикером со скидкой -40% не проходил как скидочный, кассир не смогла пробить по скидке, зато очень долго отменяла товар. Позвать помочь решить вопрос было видимо некого, из всех касс работала только одна. На стойке самообслуживания ни один сотрудник не подходил по кнопке в течение 10 минут. Не рекомендую эту пятерочку","Здравствуйте. Простите за сложившуюся ситуацию в нашем магазине. Мы сделаем работу над ошибками и улучшим сервис. Напишите, пожалуйста, нам подробности в личных сообщениях в Вконтакте (https://vk.com/write-19098502) или в Одноклассниках (https://ok.ru/group/54048360169715/messages).",https://yandex.ru/maps/org/1011746989/reviews
PXR-0419,Перекрёсток,review_service,Yandex Maps,store card,107753056573,"Москва, Можайское ш., 31, корп. 1",11QvjjGUOD190xuzWQud4roVxrjLUl,2026-06-22,A-59fe773389a8,3,"Магазин не плохой, но... Руководители, обратите внимание на вашу выпечку пекарня перекресток. Купил перекусить за 90 рублей самсу с курицей и курицы нашел там процентов 5 от общего веса. Дороговато для теста получается.","Здравствуйте. Простите за сложившуюся ситуацию в нашем магазине. Мы сделаем работу над ошибками и улучшим сервис. Напишите, пожалуйста, нам подробности в личных сообщениях в Вконтакте (https://vk.com/write-19098502) или в Одноклассниках (https://ok.ru/group/54048360169715/messages).",https://yandex.ru/maps/org/107753056573/reviews
PXR-0420,Перекрёсток,review_service,Yandex Maps,store card,1106270812,"Санкт-Петербург, Пражская ул., 48/50",EdhhPOT6dCXbjXjADW1a8z2CzPMjcfW,2026-06-24,A-79ac95f3e996,1,"Директор магазина невоспитанная особа, которая непрерывно кроет матом своих сотрудников при покупателях. Ценники не соответствуют действительности, овощи и фрукты гнилые. На кассах вечная очередь, на кассе самообслуживания сотрудник вечно сидит в телефоне. Ужасный магазин","Здравствуйте! Спасибо за то, что поделились информацией. Мы хотим уточнить у вас несколько моментов — это поможет быстрее разобраться в ситуации. Пожалуйста, найдите минутку и напишите нам в личные сообщения группы ВКонтакте https://vk.com/perekrestok_shop или в Одноклассниках https://ok.ru/perekrestok.shop — будем очень признательны!",https://yandex.ru/maps/org/1106270812/reviews
PXR-0421,Перекрёсток,review_service,Yandex Maps,store card,241557372236,"Видное, Берёзовая ул., 8",0H5zn9-o5iaLA9ZTXhsJofORM7mR8GEP,2026-06-25,A-039b3ca465db,1,"Ужасный сервис и наплевательское отношение к клиентам! Сделал небольшой заказ в доставке «Перекрёсток» — просто взял обычное молоко (не ультрапастеризованное) и хлеб. В итоге привезли продукты, которые явно пытались поскорее «сбыть», чтобы не выбрасывать. У молока уже истекло больше половины срока годности. Хлеб, который в принципе хранится всего 5 суток, приехал трехдневным! Пользоваться такой доставкой — это играть в лотерею «успей съесть за вечер». Раньше от многих знакомых слышал про доставку «Перекрёсток» кучу негатива: и про испорченные, затхлые мясные продукты, и про значительный недовес. Но я был наивно уверен, что магазин прямо возле моего дома работает нормально. Оказалось, показалось — отношение везде одинаковое. Отдельного внимания заслуживает техподдержка. На мою жалобу они просто развели руками и заявили, что «всё в пределах срока годности», вообще не увидев ничего плохого в таком выборе продуктов для сборщика. Судя по такому подходу, даже если вам приедет откровенно испорченный товар, будьте готовы получить отказ в возврате средств. Больше здесь ничего заказывать не буду и никому не советую.","Здравствуйте. Простите за сложившуюся ситуацию в нашем магазине. Мы сделаем работу над ошибками и улучшим сервис. Напишите, пожалуйста, нам подробности в личных сообщениях в Вконтакте (https://vk.com/write-19098502) или в Одноклассниках (https://ok.ru/group/54048360169715/messages).",https://yandex.ru/maps/org/241557372236/reviews
PXR-0422,Перекрёсток,review_service,Yandex Maps,store card,108942729577,"Кисловодск, просп. Победы, 6",myYjDeYEzAET9KteaD_B7LxVot2dHw-,2026-06-25,A-f783facfe685,5,"Всё, как и во всех Перекрёстках: чисто, понятно, где и что искать, качественно, да, завышен ценник, но за сервис готова платить. Нравится Перекрёсток","Спасибо, что нашли время поделиться своими впечатлениями! Очень приятно.",https://yandex.ru/maps/org/108942729577/reviews
PXR-0423,Перекрёсток,review_service,Yandex Maps,store card,1346437790,"Москва, Сормовская ул., 6",Cr-rYhLJoNpV26etCmyD_JSwaWyakL,2026-06-26,A-0f105bef77c0,5,Хороший .чистый свежими продуктами . С доброжилательными сотрудниками.,Спасибо за приятный отзыв! Всегда рады видеть вас в нашем супермаркете.,https://yandex.ru/maps/org/1346437790/reviews
PXR-0424,Перекрёсток,review_service,Yandex Maps,store card,1011746989,"Санкт-Петербург, ул. Ефимова, 2",BKlZEO4Pqxr-vgGCX8olucF4TFPQ-r8m,2026-06-27,A-5414112c2b67,5,"Из минусов только отсутствие нормальных, пригодныхк покупке овощей, они почему-то всегда порченные, с плесенью.",Спасибо за ваш отзыв! Будем рады снова видеть вас в нашем супермаркете.,https://yandex.ru/maps/org/1011746989/reviews
PXR-0425,Перекрёсток,review_service,Yandex Maps,store card,150402629053,"Москва, ул. Грина, 7",JYQltg6Sg-ZH_sVSt4gMSQME5y7rZj,2026-06-27,A-91f4daa9c1de,5,Очень хороший магазин Ассортимент. Навигации. Чистый аккуратный магазин Прекрасные сотрудники всегда вежливые и готовы помочь . И в выборе товара и на кассе,"Спасибо, что нашли время поделиться своими впечатлениями! Очень приятно.",https://yandex.ru/maps/org/150402629053/reviews
PXR-0426,Перекрёсток,review_service,Yandex Maps,store card,150402629053,"Москва, ул. Грина, 7",NnDW-f9mlEanBRs9vWDjxOej-gr7-S,2026-06-27,A-6a99b1702a9f,5,"Магазин очень хороший. Приятно сюда заходить, чистота и порядок каждый день. Кассиры и весь персонал очень вежливые и приятные. Часто делаю заказы на дом, сборка продуктов на 5 балов. Спасибо всем за такой сервис)","Спасибо, что нашли время поделиться своими впечатлениями! Очень приятно.",https://yandex.ru/maps/org/150402629053/reviews
PXR-0427,Перекрёсток,review_service,Yandex Maps,store card,150402629053,"Москва, ул. Грина, 7",Rjo0XiRwdsyVCK9djvmqFGMdOMY3NF9,2026-06-27,A-91b3174c1f35,5,"Персонал, выбор товара. Ценники . Дырок нет",Спасибо за отзыв и высокую оценку! Для нас это важно.,https://yandex.ru/maps/org/150402629053/reviews
PXR-0428,Перекрёсток,review_service,Yandex Maps,store card,150402629053,"Москва, ул. Грина, 7",ZIdoX-RAc_Vwu_m-IAOcg2rBMfLw8Mi,2026-06-27,A-3bd3d2930fcf,5,"Магазин отличный, всегда чистота и порядок, персонал вежливый, товар свежий и качественный. После реконструкции открылось кафе: кофе обалденный. Рекомендую на 100%","Спасибо, что нашли время поделиться своими впечатлениями! Очень приятно.",https://yandex.ru/maps/org/150402629053/reviews
PXR-0429,Перекрёсток,review_service,Yandex Maps,store card,150402629053,"Москва, ул. Грина, 7",eE-OImuLkvAE82MUp7gvLBTEqQcrli,2026-06-27,A-40d73a81d017,5,"Магазин после ремонта очень прекрасный, нравится сюда ходить и совершать покупки на каждый день. Сотрудники магазина очень вежливые и приятные, всегда помогут и подскажут. Всем давольна",Спасибо за отзыв и высокую оценку! Для нас это важно.,https://yandex.ru/maps/org/150402629053/reviews
PXR-0430,Перекрёсток,review_service,Yandex Maps,store card,150402629053,"Москва, ул. Грина, 7",iBmbz_dPiqxe5_Vy3EjIFLXbLcPMoWTW_,2026-06-27,A-f9754ef677c1,5,"Для начала мне бы хотелось сказать огромное спасибо ДИРЕКТОРУ МАГАЗИНА, потом администрацию этого магазина, спасибо всем сотрудникам которые помогают при выборе товара, вежливый персонал, на кассе во всём помогут расскажет И покажут ❤️ ассортимент очень большой всегда всё на полках есть, если даже нет какого-то товара на полке обязательно помогут в этом, огромная благодарность кассирам которые стараются, ❤️💞 ЛЮБЛЮ СВОЙ ПЕРЕКРЁСТОК 💕💖",Благодарим за развернутый отзыв и хорошую оценку!,https://yandex.ru/maps/org/150402629053/reviews
PXR-0431,Перекрёсток,review_service,Yandex Maps,store card,150402629053,"Москва, ул. Грина, 7",q_mKTj8VxyO7W01sCoTW70pvdzQyLV11m,2026-06-27,A-48fb5708c149,5,"Прекрасный супермаркет! широкий выбор товаров на любой вкус,персонал дружелюбный! рекомендую 💯",Благодарим за отзыв! Стараемся для вас.,https://yandex.ru/maps/org/150402629053/reviews
PXR-0432,Перекрёсток,review_service,Yandex Maps,store card,1033549331,"Москва, ул. Покрышкина, 5",t9nrvBUmA-Mcf0--XAtvsGl5flagrRHNq,2026-06-27,A-bb8c9dd995ae,1,"Я всегда покупаю в этом магазине, но это уже второй раз, когда у меня там возникла проблема с одним из продавцов. Я не знаю его имени, но на его футболке написано грозный Он вел себя очень плохо Прошу решить эту проблему. Я больше не хочу здесь ничего покупать.","Здравствуйте. Качество обслуживания для нас — безусловный приоритет. Будем благодарны, если вы сообщите нам несколько дополнительных деталей, чтобы мы могли провести тщательную проверку. Напишите нам, пожалуйста, в личные сообщения группы ВКонтакте https://vk.com/perekrestok_shop или в Одноклассниках https://ok.ru/perekrestok.shop ✍️ Мы обязательно во всём разберёмся 🕵️‍♀️",https://yandex.ru/maps/org/1033549331/reviews
PXR-0433,Перекрёсток,review_service,Yandex Maps,store card,150402629053,"Москва, ул. Грина, 7",Fw_WdrJW7eUq0E_zqaTk1EWPiAm7-Zdz,2026-06-28,A-1e770b31ec70,5,"Прекрасный магазин после ремонта! Светло, чисто, стильно. Огромный выбор свежих продуктов, всегда аккуратный фруктово-овощной отдел, эстетика и порядок. Персонал приветливый, профессионалы своего дела - всегда помогают с выбором и на кассе. Спасибо за качество и уют! Приятно находится в таком магазине",Спасибо за ваш отзыв! Будем рады снова видеть вас в нашем супермаркете.,https://yandex.ru/maps/org/150402629053/reviews
PXR-0434,Перекрёсток,review_service,Yandex Maps,store card,150402629053,"Москва, ул. Грина, 7",NB1G-2I_r_1y_YzpXQk2XCCuzbpeio4iO,2026-06-28,A-5c48a5ef8bbb,5,Отличный магазин. После ремонта всё красиво.. Рыба и мясо всегда в наличии.. Отдел фрукты и овощи всегда красивый.. Большой выбор.. Сотрудники магазина вежливые и доброжелательные.. В магазине чисто и светло.. И всегда вкусно пахнет кофе.. Рекомендую ходить всем на Грина 7,"Спасибо, нам очень приятно!",https://yandex.ru/maps/org/150402629053/reviews
PXR-0435,Перекрёсток,review_service,Yandex Maps,store card,150402629053,"Москва, ул. Грина, 7",RWXDwcZApaaqjwWyAchrTA1nYdyz0Noh3,2026-06-28,A-0620826005b8,5,"Очень уютный и комфортный магазин, удобно добираться! Все аккуратно и чисто! Ассортимент большой, всегда все есть) Овощи и фрукты свежие! Персонал очень приветливый, всегда помогают найти, то чего ищу!",Ждём вас в наших супермаркетах!,https://yandex.ru/maps/org/150402629053/reviews
PXR-0436,Перекрёсток,review_service,Yandex Maps,store card,150402629053,"Москва, ул. Грина, 7",UBUUesGuoz-Wklm56oZGkDFcbmWknlj,2026-06-28,A-74f1be1acd5f,5,"Магазин очень хороший, весь персонал добрый, приветливый, всегда помогут и подскажут где что стоит, захожу сюда не раз, все нравится",Спасибо за ваш отзыв! Будем рады снова видеть вас в нашем супермаркете.,https://yandex.ru/maps/org/150402629053/reviews
PXR-0437,Перекрёсток,review_service,Yandex Maps,store card,150402629053,"Москва, ул. Грина, 7",URCpEx1u-CgRr95t4PTgQ6SRuR7g7g,2026-06-28,A-ce030bb4f640,5,"Любимый магазин рядом с домом, всегда чисто и вежливый персонал. Спасибо за вашу работу!",Спасибо за отзыв и высокую оценку! Для нас это важно.,https://yandex.ru/maps/org/150402629053/reviews
PXR-0438,Перекрёсток,review_service,Yandex Maps,store card,150402629053,"Москва, ул. Грина, 7",UjfFVQr8dw6ocWNFa5EDL2vu8E_r12z,2026-06-28,A-473b857d9876,5,"Отличный магазин. Всегда всё свежее. Очень чисто и уютно. Прекрасный, отзывчивый персонал. За свежими продуктами всегда хожу сюда, по пути на работу покупаю кофе и выпечку. Всё просто на высшем уровне.","Благодарим за положительный отзыв! Приятно, что смогли порадовать вас.",https://yandex.ru/maps/org/150402629053/reviews
PXR-0439,Перекрёсток,review_service,Yandex Maps,store card,150402629053,"Москва, ул. Грина, 7",Vdvu4FC4uUD7XzmNuPCSKZSjfXnNCx,2026-06-28,A-8525f16cbb47,5,"Хороший,чистый магазин. Вежливый персонал. Всегда нахожу то, что мне необходимо. Ценники всегда соответствуют товару. Хожу только в этот магазин.","Благодарим за положительный отзыв! Приятно, что смогли порадовать вас.",https://yandex.ru/maps/org/150402629053/reviews
PXR-0440,Перекрёсток,review_service,Yandex Maps,store card,150402629053,"Москва, ул. Грина, 7",bCCUtB_jXFy-z8KpTxjz_Vp9MZqGKl1A,2026-06-28,A-1de5929cde51,5,"Хожу в перекрёсток почти каждый день,после открытия магазина он стал ещё лучше,сделали кафе ❤️🙏🥰а это огромный плюс когда есть где перекусить, персонал очень дружелюбный благодаря администрации, всё на полках всегда хорошие акции,чистота на высшем уровне. Огромное спасибо баристу кафе НАТАЛЬЕ НИКОЛАЕВНЕ за вкусный кофе и за тёплый приём всегда улыбка на лице 🥰есть кассы самообслуживания очень удобно,на кассах тоже помогают ,вежливость, чистота на высшем уровне, спасибо вам за то что вы есть 🔥а также расположение магазина тоже хороша,,,👍🤗","Мы рады, что вам нравится в Перекрёстке!",https://yandex.ru/maps/org/150402629053/reviews
PXR-0441,Перекрёсток,review_service,Yandex Maps,store card,150402629053,"Москва, ул. Грина, 7",gBNlZBzwoav6LQN6WSAIxx1IM7X4XmzM,2026-06-28,A-d41f05a86b5d,5,Супермаркет на высшем уровне. Всегда готовы прийти на помощь в выборе товара. Вежливые сотрудники. Не магазин а сказка!!!! Хочется сюда приходить всё снова и снова. Желаю супермаркету процветания и также дальше держать марку.,"Благодарим за положительный отзыв! Приятно, что смогли порадовать вас.",https://yandex.ru/maps/org/150402629053/reviews
PXR-0442,Перекрёсток,review_service,Yandex Maps,store card,150402629053,"Москва, ул. Грина, 7",jD2KIEwjHkAFGbMoa8cP4FGi2Wa7wukH,2026-06-28,A-110e3480f06b,5,Хочу сказать коллективу этого магазина огромное спасибо ❤️🌹мне очень нравится посещать этот супермаркет в первую очередь качество товара акции и постоянная выкладка а это влияет и на нас тоже мы остаёмся довольными после наших покупок 🥳🥳🥳🤗🥰хожу туда с большим удовольствием магазин просто огонь и расположение супермаркета очень а высшем уровне удобно стало когда сделали кафе можно с утра зайти и перекусить кофе у баристов просто огонь хочу выразить благодарность баристу кафе Наталье Николаевне ❤️за тёплый приём и за очень вкусный обалденный кофе 🥰🤗и чисто и аккуратно в магазине,"Спасибо за отзыв! Рады, что вам нравится.",https://yandex.ru/maps/org/150402629053/reviews
PXR-0443,Перекрёсток,review_service,Yandex Maps,store card,150402629053,"Москва, ул. Грина, 7",jXPrWevQh9vYjvkiT58xlaT7LeR8BM,2026-06-28,A-2cabbe36ad85,5,"Очень хороший, уютный, светлый магазин. Выбор очень большой, всегда все есть в наличии, сроки и продукты всегда свежие. Персонал очень отзывчивый, всегда помогут, подскажут что и где найти, а если нет что-то на витрине, то принесут со склада. Самый мой любимый магазин из всех перекрестков в нашем районе. 10 балов, так держать","Спасибо за отзыв! Рады, что вам нравится.",https://yandex.ru/maps/org/150402629053/reviews
PXR-0444,Перекрёсток,review_service,Yandex Maps,store card,150402629053,"Москва, ул. Грина, 7",jrBElIK0zZY4NJlRZVYJ4Q4lvYmmfLI_,2026-06-28,A-696de46d41fc,5,"Мне очень приятно, что у нас есть такой магазин. Чисто, уютно. Персонал приветливый. Всегда помогут, подскажут.","Спасибо, нам очень приятно!",https://yandex.ru/maps/org/150402629053/reviews
PXR-0445,Перекрёсток,review_service,Yandex Maps,store card,150402629053,"Москва, ул. Грина, 7",kqtOKkOwb5vyVcVMHLVJCRkEIAAqtv,2026-06-28,A-fcf2ba79cf23,5,"Хочу поблагодарить команду магазина за отличную работу, вежливость и отзывчивость персонала, чистоту и порядок в торговом зале. Спасибо, что делаете покупки комфортными и доступными 💯","Спасибо за отзыв! Рады, что вам нравится.",https://yandex.ru/maps/org/150402629053/reviews
PXR-0446,Перекрёсток,review_service,Yandex Maps,store card,150402629053,"Москва, ул. Грина, 7",pugLGfAu6dmb0ajISlaHIVWoYaffwk89F,2026-06-28,A-8823eda651fc,5,"Отличный магазин! Персонал вежливый, всегда все свежее, полки с овощами и фруктами полны, хожу только сюда! Доставка так же всегда в срок)","Благодарим за положительный отзыв! Приятно, что смогли порадовать вас.",https://yandex.ru/maps/org/150402629053/reviews
PXR-0447,Перекрёсток,review_service,Yandex Maps,store card,150402629053,"Москва, ул. Грина, 7",v4SOzUT0E73a4BtVxTqbjA_KE01y1kj,2026-06-28,A-7aacee3ba5f5,5,"Хочется выразить благодарность всему персоналу магазина.Сотрудники отзывчивые,всегда приходят на помощь, товар всегда свежий и качественный!!!! А кофе какое вкусное варят!!!",Спасибо за отзыв и высокую оценку! Для нас это важно.,https://yandex.ru/maps/org/150402629053/reviews
PXR-0448,Перекрёсток,review_service,Yandex Maps,store card,150402629053,"Москва, ул. Грина, 7",wCb7luKYxssi7L4cfS3n0QyHAgupg2h4,2026-06-28,A-f8d0aa1bc618,5,"Хороший магазин, небольшой, но чистенький и всегда всё есть. Отдельное спасибо продавцу из отдела вино – всегда всё подскажет, покажет и поможет определиться с выбором",Спасибо за обратную связь!,https://yandex.ru/maps/org/150402629053/reviews
PXR-0449,Перекрёсток,review_service,Yandex Maps,store card,150402629053,"Москва, ул. Грина, 7",x1AexXlvWRgMyMU7al2BrU1uivxrFji,2026-06-28,A-be3ad7a55141,5,"Этот перекресток всегда был хорошим магазином, а после реставрации стал ещё лучше! Особенно всегда нравится, своей доброжелательностью, кассир Наталья ☺️","Мы рады, что вам нравится в Перекрёстке!",https://yandex.ru/maps/org/150402629053/reviews
PXR-0450,Перекрёсток,review_service,Yandex Maps,store card,150402629053,"Москва, ул. Грина, 7",P3lTe-HP78OiaBW4MYuGv2NCMHiUAM,2026-06-29,A-ff1bdad58185,5,"Хороший магазин. Хожу в него много лет и ни разу не пожалел. Особенно после ремонта стало гораздо лучше. Качественные и свежие товары, хороший персонал. Продолжайте в том же духе!","Спасибо за отзыв! Рады, что вам нравится.",https://yandex.ru/maps/org/150402629053/reviews
PXR-0451,Перекрёсток,review_service,Yandex Maps,store card,115894975781,"Москва, Сходненская ул., 56",-sePhyAcuOgAMFctxPT1t25Xnj-lX3h,2026-06-30,A-6e33106680a6,5,"Очень люблю брать здесь кофе, вкусно, выгодно и прекрасные сотрудники. Больше всего нравятся Милана, Владимир, Катерина и Лиза❤️😍 Спасибо всем за вкусный кофе и заряд энергии на целый день💋",Спасибо за выбор нашей сети и такой чудесный отзыв!,https://yandex.ru/maps/org/115894975781/reviews
PXR-0452,Перекрёсток,review_service,Yandex Maps,store card,150402629053,"Москва, ул. Грина, 7",d5PhtXjRze9sxpd-BGW5ZE8bgwYBFBXM,2026-06-30,A-bfa27aff8022,5,Хочу выразить благодарность менеджеру кафе Наталье за самый вкусный в Москве Флет Уайт на безлактозном) за профессионализм и отзывчивость 🙏❤️ навсегда лучшее кофе у Вас 🤗,"Спасибо, это важно для нас!",https://yandex.ru/maps/org/150402629053/reviews
PXR-0453,Перекрёсток,review_service,Yandex Maps,store card,1016216449,"Москва, Старокачаловская ул., 1Б",aNrFVImv7CHAuzFnbOuD8qPSMb1uyo,2026-07-01,A-99416e1fa605,5,"мой любимый магазин на районе вежливые сотрудники, отличный выбор, новейшие технологии и как здорово, что тут есть кафе Селект, спасение утреннего настроения","Спасибо, что нашли время поделиться своими впечатлениями! Очень приятно.",https://yandex.ru/maps/org/1016216449/reviews
PXR-0454,Перекрёсток,review_service,Yandex Maps,store card,1011746989,"Санкт-Петербург, ул. Ефимова, 2",mthqa9pQnB0apTljMPg8zTNyAaBVoJw,2026-07-01,A-d88398d0bf66,1,"Второй раз за неделю прихожу в перекресток в ТЦ Пик в 23:55 - после работы и после спортзала. Набираю необходимые продукты и кассы не работают. Ни кассы самообслуживания, ни одного кассира на обычных кассах. Можно войти в положение, если у кассира перерыв и подождать, если хотя бы об этом как-то сообщалось по громкой связи в процессе сбора своей продуктовой корзины. А по факту - никого вообще невозможно найти в отделе. Вся очередь стоит в недоумении, охранник не может даже 2 букв связать, не говоря уж о полном предложении из слов и разъяснении ситуации. И больше всего раздражает в этой, что метро закрывается с минуты на минуту и можно просто опоздать, пока стоишь ждёшь в магазине. Второй раз за неделю я, простояв 5 минут была вынуждена бросить продукты на кассе и уйти ни с чем, чтобы не опоздать на метро. Предложение к руководству - если у вас в полночь начинается технический перерыв - передвиньте его на 00:30 чтобы покупатели, которые идут после магазина на метро, могли успевать на свои пересадки. Прошу ответить в письменном виде и разъяснить ситуацию по работе касс в период с 00:00 до 00:15","Здравствуйте. Простите за сложившуюся ситуацию в нашем магазине. Мы сделаем работу над ошибками и улучшим сервис. Напишите, пожалуйста, нам подробности в личных сообщениях в Вконтакте (https://vk.com/write-19098502) или в Одноклассниках (https://ok.ru/group/54048360169715/messages).",https://yandex.ru/maps/org/1011746989/reviews
PXR-0455,Перекрёсток,review_service,Yandex Maps,store card,1033549331,"Москва, ул. Покрышкина, 5",nq_sJCNS_69RKd5b-6KVxCuTeATiki,2026-07-01,A-895b446d3fba,4,"Всё нормально, но все продавцы в хиджабе.","Здравствуйте. Спасибо за отзыв. Если у вас есть замечания или пожелания, напишите, пожалуйста, нам подробности в личных сообщениях в Вконтакте (https://vk.com/write-19098502) или в Одноклассниках (https://ok.ru/group/54048360169715/messages).",https://yandex.ru/maps/org/1033549331/reviews
PXR-0456,Перекрёсток,review_service,Yandex Maps,store card,107753056573,"Москва, Можайское ш., 31, корп. 1",MspmOWEpd6tpcWzeI3FSkHdmubs-Sa,2026-07-02,A-2cb40572be76,1,Отвратное место. Ассортимент такой большой что в нём ничего не найдёшь второй раз. Торговый центр тоже редкая г отдельного входа в перекрёсток нет. Редкая дрянь. Ходить кружиться и ни чего не найти.,"Здравствуйте. Простите за сложившуюся ситуацию в нашем магазине. Мы сделаем работу над ошибками и улучшим сервис. Напишите, пожалуйста, нам подробности в личных сообщениях в Вконтакте (https://vk.com/write-19098502) или в Одноклассниках (https://ok.ru/group/54048360169715/messages).",https://yandex.ru/maps/org/107753056573/reviews
PXR-0457,Перекрёсток,review_service,Yandex Maps,store card,115894975781,"Москва, Сходненская ул., 56",O5Kzyfm99ZCFIuvtWLgNu_1YbwgL0r,2026-07-02,A-c8e34da57069,5,"Самый лучший перекресток в Тушино. Огромный выбор, приятный персонал.",Спасибо за обратную связь!,https://yandex.ru/maps/org/115894975781/reviews
PXR-0458,Перекрёсток,review_service,Yandex Maps,store card,108942729577,"Кисловодск, просп. Победы, 6",MsFb5NNUTby4BYpFA_mq3e6OtsDVU1,2026-07-04,A-8283fd8dcf81,1,Отравился сосиской в тесте или капуччино. Плохо всю ночь.,"Здравствуйте. Простите за сложившуюся ситуацию в нашем магазине. Мы сделаем работу над ошибками и улучшим сервис. Напишите, пожалуйста, нам подробности в личных сообщениях в Вконтакте (https://vk.com/write-19098502) или в Одноклассниках (https://ok.ru/group/54048360169715/messages).",https://yandex.ru/maps/org/108942729577/reviews
PXR-0459,Перекрёсток,review_service,Yandex Maps,store card,108942729577,"Кисловодск, просп. Победы, 6",zyoTeeb5kd-EkRMWCShvi0jjeQhYG-O,2026-07-04,A-12a812453d96,5,Хороший магазин. Большой выбор,Спасибо за отзыв и высокую оценку! Для нас это важно.,https://yandex.ru/maps/org/108942729577/reviews
PXR-0460,Перекрёсток,review_service,Yandex Maps,store card,115894975781,"Москва, Сходненская ул., 56",KdB4GQgZr0FshWRa-TA0wvJNxY7ugqu,2026-07-05,A-01ef2d75793b,5,"Прекрасное Перекрёсток Кафе. Очень вежливые баристы, горячий кофе и вкусная еда.",Спасибо за обратную связь!,https://yandex.ru/maps/org/115894975781/reviews
PXR-0461,Перекрёсток,review_service,Yandex Maps,store card,150402629053,"Москва, ул. Грина, 7",QhR38Z_V5SjUE0gJ-4jjNTDGnO_aA4Tox,2026-07-06,A-b9fcb5d7ec48,3,"Прекрасный магазин. Чисто, светло, просторно, хороший ассортимент. Но что происходит на кассе. На кассе самооблуживания не могла оплатить, код не проходит, продавца нет, у кого спросить. На кассе 2 человека и уже очередь. Зато на другой кассе кассир и охранник скучают, мило беседуют и говорят, что касса не работает.","Здравствуйте! Благодарим вас за то, что нашли время сообщить нам об этом. Ваше обращение поможет нам улучшить качество сервиса. Чтобы полноценно разобраться в ситуации, нам необходимо уточнить некоторые нюансы.. Пожалуйста, напишите нам в личные сообщения группы ВКонтакте https://vk.com/perekrestok_shop или в Одноклассниках https://ok.ru/perekrestok.shop — мы с готовностью ответим и сможем решить вопрос.",https://yandex.ru/maps/org/150402629053/reviews
PXR-0462,Перекрёсток,review_service,Yandex Maps,store card,108942729577,"Кисловодск, просп. Победы, 6",XUc-BxcEq6nm-htGB-EixIZ3cF57D4eLQ,2026-07-06,A-119002715538,5,В отпуске выручал нас! Баловал любимыми продуктами),"Спасибо, это важно для нас!",https://yandex.ru/maps/org/108942729577/reviews
PXR-0463,Перекрёсток,review_service,Yandex Maps,store card,108942729577,"Кисловодск, просп. Победы, 6",_pAvDQy8z5R8OHfblflRiajucPSK7-7h,2026-07-06,A-d610e13e9d99,5,"Как и все магазины перекрёсток, все есть",Спасибо за выбор нашей сети и такой чудесный отзыв!,https://yandex.ru/maps/org/108942729577/reviews
PXR-0464,Перекрёсток,review_service,Yandex Maps,store card,1033549331,"Москва, ул. Покрышкина, 5",cXU1WSjGBFvQFnu1f8Now8qTbRdMdWv7,2026-07-06,A-85e6a1355eda,3,В таком недешевом магазине уже год экономят на сотрудниках для выдачи готовой еды. Каждый раз приходится дергать сотрудников отдела кофе и стоять в очереди за кофе,"Здравствуйте! Огромное спасибо, что рассказали о своих переживаниях — это действительно важно для нас! 😊Мы хотим это исправить и изменить ваше впечатление к лучшему. Пожалуйста, напишите нам в личные сообщения группы ВКонтакте https://vk.com/perekrestok_shop или в Одноклассниках https://ok.ru/perekrestok.shop ✍️ Мы уточним пару моментов и обязательно во всём разберёмся! ✍️",https://yandex.ru/maps/org/1033549331/reviews
PXR-0465,Перекрёсток,review_service,Yandex Maps,store card,1011746989,"Санкт-Петербург, ул. Ефимова, 2",xO_JjmQ6Lw1YZtqzXPVdihWs9a_spl,2026-07-06,A-2ec26dab2644,1,"отвратительно, бегают тараканы. Больше никогда не вернусь!","Здравствуйте! Большое спасибо, что нашли время сообщить нам о возникшей ситуации. Хотим сделать всё возможное, чтобы изменить ваше мнение в лучшую сторону. Напишите нам в личные сообщения группы ВКонтакте https://vk.com/perekrestok_shop или в Одноклассниках https://ok.ru/perekrestok.shop: мы уточним детали и обязательно во всём разберёмся.",https://yandex.ru/maps/org/1011746989/reviews
PXR-0466,Перекрёсток,review_service,Yandex Maps,store card,115894975781,"Москва, Сходненская ул., 56",9FIc13BlCAbJIw1NziSMyO75CyZnNmi,2026-07-08,A-c554a5bb3e4c,1,Здравствуйте! Был сегодня в данном магазине по адресу. Почему свежая выпечка пробивается БЕЗ СКИДОК 50% до закрытие магазина. Ранее были скидки.,"Здравствуйте. Спасибо за обратную связь! Мы хотим провести проверку. Напишите нам, пожалуйста, в личные сообщения группы ВКонтакте https://vk.com/perekrestok_shop или в Одноклассниках https://ok.ru/perekrestok.shop. Обязательно во всём разберёмся 🙌",https://yandex.ru/maps/org/115894975781/reviews
PXR-0467,Перекрёсток,review_service,Yandex Maps,store card,241557372236,"Видное, Берёзовая ул., 8",aKNuMvEKQ68mVUIu0q06HV4Q6iH27Z,2026-07-08,A-b62f5bc30b55,5,"Хочется отметить после реконструкции какую вкуснейшую свежеиспеченную пиццу здесь можно купить. Всегда улыбчивые девушки, всегда из свежих продуктов, всегда все на отлично ( тесто тонкое, начинки достаточно). Стараемся каждые выходные побаловать себя этой пиццей и приятным общением с обаятельный пекарями. Спасибо за Ваш труд!",Спасибо за приятный отзыв! Всегда рады видеть вас в нашем супермаркете.,https://yandex.ru/maps/org/241557372236/reviews
PXR-0468,Перекрёсток,review_service,Yandex Maps,store card,241557372236,"Видное, Берёзовая ул., 8",X4A_ePFfet7BQ1pereP_SG8vvoJgwQt6M,2026-07-10,A-560ce200ede2,3,"Последнее время никогда нет больших тележек свободных. Зато все они стоят где угодно: просто раскиданы по району, у сборщиков заказов, штук 5 у бомжа, проживающего в около этого перекрёстке. А люди пытаются запихать все продукты в крошечные корзины.","Здравствуйте! Благодарим за то, что сообщили о возникших сложностях. Мы нацелены на то, чтобы оперативно решить вопрос и изменить ваше мнение.Пожалуйста, напишите нам в личные сообщения группы ВКонтакте https://vk.com/perekrestok_shop или в Одноклассниках https://ok.ru/perekrestok.shop ✍️ Всего несколько уточняющих деталей помогут нам быстрее изучить ситуацию.",https://yandex.ru/maps/org/241557372236/reviews
PXR-0469,Перекрёсток,review_service,Yandex Maps,store card,108942729577,"Кисловодск, просп. Победы, 6",cooDvZwwHOxr1bN2s8nldc3kvBCel9H,2026-07-10,A-d3dcccc47ef6,4,"На сегодня - лучший магазин по удобству и выбору продуктов. Но!!! Уже давно не решается одна проблема. Прекрасная пекарня, в которой берем регулярно продукцию, которую …. Невозможно пробить ни самостоятельно, ни на кассе! Не читаются штрихкоды, кассиры замучались, равно как и покупатели. Многие просто отказываются покупать. Хочется надеяться, что кто-то из руководства читает отзывы(","Здравствуйте! Спасибо за то, что поделились информацией. Мы хотим уточнить у вас несколько моментов — это поможет быстрее разобраться в ситуации. Пожалуйста, найдите минутку и напишите нам в личные сообщения группы ВКонтакте https://vk.com/perekrestok_shop или в Одноклассниках https://ok.ru/perekrestok.shop — будем очень признательны!",https://yandex.ru/maps/org/108942729577/reviews
PXR-0470,Перекрёсток,review_service,Yandex Maps,store card,1033549331,"Москва, ул. Покрышкина, 5",2o-VEE1rointfTC3NGgc62JffEDpyY8Db,2026-07-12,A-d8068f021a7f,5,"Отличный магазин, чистый, большой ассортимент товаров","Мы рады, что вам нравится в Перекрёстке!",https://yandex.ru/maps/org/1033549331/reviews
PXR-0471,Перекрёсток,review_service,Yandex Maps,store card,1106270812,"Санкт-Петербург, Пражская ул., 48/50",e6ERwtTyrhFH-2ObaTrF2iyK5BstNn,2026-07-12,A-263903676e00,2,"Ужасное обслуживание, стояли на кассе самообслуживания и очень долго ждали подтверждения, сотрудник подходил к другим покупателям и уходил. После того, как сотрудник подошёл и попросил документы, начал хамить, то не так видно, то не под таким углом. Одним словом, человек работает на отвали","Здравствуйте! Для нас важен каждый клиент — мы искренне стремимся поддерживать высокий уровень сервиса. Пожалуйста, напишите чуть подробнее о ситуации в личные сообщения группы ВКонтакте https://vk.com/perekrestok_shop или в Одноклассниках https://ok.ru/perekrestok.shop ✍️ Это поможет нам быстрее разобраться и принять нужные меры 🙏",https://yandex.ru/maps/org/1106270812/reviews
PXR-0472,Перекрёсток,review_service,Yandex Maps,store card,1011746989,"Санкт-Петербург, ул. Ефимова, 2",Kf6odQn9zShGBEpqPdXmX7Vtasg0jIq,2026-07-13,A-7ab80b55f662,5,"Посетите. Хороший, достойный.","Спасибо, что нашли время поделиться своими впечатлениями! Очень приятно.",https://yandex.ru/maps/org/1011746989/reviews
PXR-0473,Перекрёсток,review_service,Yandex Maps,store card,115894975781,"Москва, Сходненская ул., 56",jv1O2SFjJ4Ic7djuxaabWbq0hzLlHZH,2026-07-13,A-0131fca1b876,1,"Сегодня, 13 июля 2026 года, , примерно в 21 .00 часов ,после работы зашла за овощами ( огурцы,помидоры, перец зелёный). В лотке, где помидоры подешевле из под мятых помидор выбрала покрепче 5 штук. Взвесила по номеру этого продукта , но на кассе самообслуживания показало что это какие-то сверхдорогие помидоры.... Меня , работающего медика и ветерана труда обозвали воровкой и попросили "" больше так не делать"" !!!! Прошу разобраться по этому инцидента.","Здравствуйте! Благодарим за то, что сообщили о возникших сложностях. Мы нацелены на то, чтобы оперативно решить вопрос и изменить ваше мнение.Пожалуйста, напишите нам в личные сообщения группы ВКонтакте https://vk.com/perekrestok_shop или в Одноклассниках https://ok.ru/perekrestok.shop ✍️ Всего несколько уточняющих деталей помогут нам быстрее изучить ситуацию.",https://yandex.ru/maps/org/115894975781/reviews
PXR-0474,Перекрёсток,review_service,Yandex Maps,store card,1011746989,"Санкт-Петербург, ул. Ефимова, 2",liPDVDxJXD8iZDrbP202W_xuVcZlgIX2,2026-07-13,A-332fb0e11039,1,21.00 - народа очень много! Работает одна касса!!! Очередь на 30 минут!!! Это нормально? Бедный продавец бегает постоянно за сигаретами на соседнюю кассу…. Ужасно по отношению к покупателям и работникам!,"Здравствуйте. Каждый клиент для нас по-настоящему важен, и мы не хотим оставлять ни один вопрос без решения. Будем благодарны, если вы сообщите нам несколько дополнительных деталей, чтобы мы могли провести тщательную проверку. Напишите нам, пожалуйста, в личные сообщения группы ВКонтакте https://vk.com/perekrestok_shop или в Одноклассниках https://ok.ru/perekrestok.shop ✍️ Мы обязательно во всём разберёмся 🕵️‍♀️",https://yandex.ru/maps/org/1011746989/reviews
PXR-0475,Перекрёсток,review_service,Yandex Maps,store card,1011746989,"Санкт-Петербург, ул. Ефимова, 2",m3KR9n1z2zrUanZtxA2RwRqToxap5VjDM,2026-07-13,A-a49060160333,5,Самый вкусный кофе в районе в кафе Селект .,Вы делаете нас лучше!,https://yandex.ru/maps/org/1011746989/reviews
PXR-0476,Перекрёсток,review_service,Yandex Maps,store card,150402629053,"Москва, ул. Грина, 7",mZFz3EcL7V_B8bVUhyHGylm_s30Z0d,2026-07-13,A-2767c8a47edb,5,Очень уютно,"Спасибо, что нашли время поделиться своими впечатлениями! Очень приятно.",https://yandex.ru/maps/org/150402629053/reviews
PXR-0477,Перекрёсток,review_service,Yandex Maps,store card,108942729577,"Кисловодск, просп. Победы, 6",J_jOml4yJZgQwwVUpN0JW9ymHEVlaVr9V,2026-07-18,A-c5eba3e7c05f,5,"Чисто, свежие продукты, большое разнообразие. Сотруднице Анастасии желаю успешной работы, помогла сегодня в рыбном отделе.",Благодарим за отзыв! Стараемся для вас.,https://yandex.ru/maps/org/108942729577/reviews
PXR-0478,Перекрёсток,review_service,Yandex Maps,store card,150402629053,"Москва, ул. Грина, 7",ge94I1yxznJ2pArgbj1xgc_5E7naeD,2026-07-18,A-6191a1794996,5,"Хороший свежий магазин в спальном районе. Круглосуточный. Внутри появился ларек с зерновым кофе! Цены не самые низкие, а так - чисто и опрятно на витринах, но иногда вы сами себя подставляете - обратите внимание на фото…. Свежайшая зелень!",Спасибо за ваш отзыв! Будем рады снова видеть вас в нашем супермаркете.,https://yandex.ru/maps/org/150402629053/reviews
PXR-0479,Перекрёсток,review_service,Yandex Maps,store card,1033549331,"Москва, ул. Покрышкина, 5",DgXL-lK1TI-zbRWJkCT2HFRwpoJVABNE_,2026-07-21,A-f3bc44b7f5ca,5,"Хороший магазин, мне очень нравится, разнообразный ассортимент, качество продуктов хорошее, часто захожу в магазин, рекомендую!!!",Спасибо за приятный отзыв! Всегда рады видеть вас в нашем супермаркете.,https://yandex.ru/maps/org/1033549331/reviews
PXR-0480,Перекрёсток,review_service,Yandex Maps,store card,1033549331,"Москва, ул. Покрышкина, 5",CKmYy_O0nVep_qS3u54bqvHV1BtI6h,2026-07-22,A-bbab2bddfae1,5,"Лучший перекресток вблизи дома, работать 24/7, люблю заходить туда после работы, единственное, кассы закрываются на перерыв и иногда приходится ждать, а так все отлично. В зале всегда чисто, сотрудники всегда помогут, продукты все свежие","Благодарим за положительный отзыв! Приятно, что смогли порадовать вас.",https://yandex.ru/maps/org/1033549331/reviews
PXR-0481,Перекрёсток,review_service,Yandex Maps,store card,108942729577,"Кисловодск, просп. Победы, 6",fh5rzk5bsawJQ2zN7cRbzlUmZhVl1os,2026-07-23,A-05ebe973d00a,5,"Обычный магазин, удобный","Мы рады, что вам нравится в Перекрёстке!",https://yandex.ru/maps/org/108942729577/reviews
PXR-0482,Перекрёсток,review_service,Yandex Maps,store card,150402629053,"Москва, ул. Грина, 7",T1GuTEgqWdrGvwALGc1y_NABn9rcLWHZ_,2026-07-24,A-1f591f432d32,5,"Пишу о кафе-перекресток: Атмосфера уютная, всё чисто и аккуратно, а выбор блюд приятно удивляет: тут и свежая выпечка, и классные напитки. Но отдельное, огромное спасибо хочется сказать Татьяне! 😍 Она просто лучик света в этом кафе: всегда такая лучезарная, встречает с искренней улыбкой, моментально подскажет, что сегодня особенно вкусное, поможет с выбором и расскажет про акции. С таким отношением хочется заходить сюда снова и снова. В общем, кафе «Перекрёсток» — очень крутое место для быстрого и вкусного перекуса. Обязательно буду приходить ещё — и всем советую заглянуть, особенно чтобы познакомиться с замечательной Татьяной! 😊",Благодарим за отзыв! Стараемся для вас.,https://yandex.ru/maps/org/150402629053/reviews
PXR-0483,Перекрёсток,review_service,Yandex Maps,store card,1011746989,"Санкт-Петербург, ул. Ефимова, 2",Zkju-sK37I4WwvkrZiBNpG0DYev-nruza,2026-07-24,A-ee0797014d49,1,"отвратительная, грубая администрация. товар разбросан где попало, ценников нет. очень удивился, присутствию среди персонала, пещерных людей из отряда жвачных. а именно охранника, видимо крестьянские корни тяжело пересилить. гуляя по магазину, данный персонаж харкался на пол неоднократно. культурная столица, почти центр","Здравствуйте! Спасибо за отзыв. Мы очень дорожим качеством обслуживания. Чтобы разобраться в ситуации и провести тщательную проверку необходимо уточнить некоторые детали. Расскажите, пожалуйста, подробнее о произошедшем в личном сообщении группы ВКонтакте https://vk.com/perekrestok_shop или в Одноклассниках https://ok.ru/perekrestok.shop ✍️",https://yandex.ru/maps/org/1011746989/reviews
PXR-0484,Перекрёсток,review_service,Yandex Maps,store card,241557372236,"Видное, Берёзовая ул., 8",udUbviV0p49jiBVMW34lKpfEF79BRf,2026-07-24,A-b059579ef26e,4,"Нормальный перекрёсток, только я не могу найти 3 корочки с холодцом и хреном","Здравствуйте. Временные отсутствия некоторых товаров случаются нечасто, и мы стремимся минимизировать такие ситуации.Если у вас есть замечания или пожелания, напишите нам, пожалуйста, в личные сообщения группы ВКонтакте https://vk.com/perekrestok_shop или в Одноклассниках https://ok.ru/perekrestok.shop.",https://yandex.ru/maps/org/241557372236/reviews
PXR-0485,Перекрёсток,review_service,Yandex Maps,store card,150402629053,"Москва, ул. Грина, 7",OjrORY6xtk_uU9XMeKZC_uboBUtEE8wix,2026-07-27,A-0c3d7e110bcb,5,"Очень хорошие девчонки работают в кафе перекресток,вкусный кофе. А Татьяна вообще супер )",Спасибо за ваш отзыв! Будем рады снова видеть вас в нашем супермаркете.,https://yandex.ru/maps/org/150402629053/reviews
PXR-0486,Перекрёсток,review_service,Yandex Maps,store card,1011746989,"Санкт-Петербург, ул. Ефимова, 2",2O41aEWdV-yXtFuo6NGwdD2PWCH8KBL,2026-07-28,A-39aa39a7c996,2,"Токсичные работники, в зоне самообслуживания у меня пробивался товар дважды на двух кассах. Пришла женщина, вслух отчитала двух взрослых людей за то, что один начал бить свой чек хотя в кассе был другой товар, а другого за то что «пробивает одно и то же везде». Как будто моя вина что кассы глючат. Выглядело по хамски, девушке лучше найти работу где-то в более пафосном месте. Ваша работа, но делаете с видом одолжения. Магазин пустой к слову был","Здравствуйте. Спасибо, что рассказали об этом. Пожалуйста, напишите нам в личные сообщения сообщества во ВКонтакте (https://vk.com/write-19098502) или в Одноклассниках (https://ok.ru/group/54048360169715/messages).",https://yandex.ru/maps/org/1011746989/reviews
PXR-0487,Перекрёсток,review_service,Yandex Maps,store card,1346437790,"Москва, Сормовская ул., 6",8Vt2aPW6k3pZ9IV1XP3Ca6dyXdFM7nw,2026-07-28,A-8405c20da2f7,5,"Хотел сделать апельсиновую карту , так как часто посещаю этот магазин ) помогла сотрудница Полина ! Спасибо ей огромное ! Магазин супер ! Огромный выбор , приемлемые цены ! Спасибо за помощь ! Ставлю 5 звезд !",Спасибо за приятный отзыв! Всегда рады видеть вас в нашем супермаркете.,https://yandex.ru/maps/org/1346437790/reviews
PXR-0488,Перекрёсток,review_service,Yandex Maps,store card,1346437790,"Москва, Сормовская ул., 6",iJAm06rV2-SmEm7lou5fG3a1u1N7rgW1f,2026-07-28,A-00b4386f14ee,5,"Прекрасный и очень приятный магазин. Большой ассортимент продуктов и разнообразие что надо 👍🏻 Хорошие, добрые и родные люди там работают.",Благодарим за отзыв! Стараемся для вас.,https://yandex.ru/maps/org/1346437790/reviews
PXR-0489,Перекрёсток,review_service,Yandex Maps,store card,1346437790,"Москва, Сормовская ул., 6",z-IVOjzKiyTh5y-qzEMe2Kh6NRUL9Ns,2026-07-28,A-163e410e8ffb,5,"Хороший магазин, большой ассортимент, сотрудники всегда подскажут и помогут )","Мы рады, что вам нравится в Перекрёстке!",https://yandex.ru/maps/org/1346437790/reviews
PXR-0490,Перекрёсток,review_service,Yandex Maps,store card,108942729577,"Кисловодск, просп. Победы, 6",Y3o3KHwJd0IMIyyV9ll7G1iuzkXX8z6-0,2026-07-29,A-72e0c4c7fd98,5,Самый большой ассортимент товаров по сравнению с другими сетевыми магазинами.,Спасибо за выбор нашей сети и такой чудесный отзыв!,https://yandex.ru/maps/org/108942729577/reviews
PXR-0491,Перекрёсток,review_service,Yandex Maps,store card,108942729577,"Кисловодск, просп. Победы, 6",eur4Rj-YECzD6nK3KehQxMKu2lZ4s8uAn,2026-07-29,A-8c1fbe329f74,5,"Ассортимент на уровне, оплата картами, единственный Перекресток в городе",Спасибо за отзыв и высокую оценку! Для нас это важно.,https://yandex.ru/maps/org/108942729577/reviews
PXR-0492,Перекрёсток,review_service,Yandex Maps,store card,115894975781,"Москва, Сходненская ул., 56",bNvyaYJxEpwQvqDHrbahNKyixFsc1S,2026-07-30,A-cb8e66f25a46,2,"Магазин хороший, большой выбор товаров, сделали ремонт где-то год назад теперь можно прямо в магазине поесть. Но приходила несколько раз за мороженым в этот перекрёсток и оно всё подтаявшее, видимо с холодильниками что-то, прошу разобраться с этим!","Здравствуйте. Спасибо, что сообщили нам. Хотели бы запросить подробности и разобраться. Пожалуйста, напишите нам в личные сообщения сообщества во ВКонтакте (https://vk.com/write-19098502) или в Одноклассниках (https://ok.ru/group/54048360169715/messages).",https://yandex.ru/maps/org/115894975781/reviews
PXR-0493,Перекрёсток,review_service,Yandex Maps,store card,1106270812,"Санкт-Петербург, Пражская ул., 48/50",S3uuUj3IG-tU09H6ksSMuq4zW2_PFsK8Y,2026-08-01,A-5a4473b07fe7,3,Сотрудники русские хорошие не русский персонал вообще не понимаю для каких целей там присутствует!,"Здравствуйте. Расстроены, что вам пришлось столкнуться с подобным в нашем супермаркете. Хотим запросить подробности и разобраться в ситуации. Пожалуйста, напишите нам в личные сообщения сообщества во ВКонтакте (https://vk.com/write-19098502) или в Одноклассниках (https://ok.ru/group/54048360169715/messages).",https://yandex.ru/maps/org/1106270812/reviews
PXR-0494,Перекрёсток,review_service,Yandex Maps,store card,1106270812,"Санкт-Петербург, Пражская ул., 48/50",h-n1t7CVDfeK_RlV8AsyZ8XFdV1phn,2026-08-01,A-6d722501b955,5,Сейчас (4:03 01.08.26) сел телефон Дали зарядить и неплохо поговорили Чудесные люди,Ждём вас в наших супермаркетах!,https://yandex.ru/maps/org/1106270812/reviews
PXR-0495,Перекрёсток,review_service,Yandex Maps,store card,108942729577,"Кисловодск, просп. Победы, 6",HbQ1_Qe-SAtiCamRS7sHLSLx7cUxjTnB,2026-08-02,A-757c69febf2a,3,"Ожидал большего, обычный экономмаркет, тока цены завышены. А за что?!","Здравствуйте. Расстроены, что вам пришлось столкнуться с подобным в нашем супермаркете. Хотим запросить подробности и разобраться в ситуации. Пожалуйста, напишите нам в личные сообщения сообщества во ВКонтакте (https://vk.com/write-19098502) или в Одноклассниках (https://ok.ru/group/54048360169715/messages).",https://yandex.ru/maps/org/108942729577/reviews
PXR-0496,Перекрёсток,review_service,Yandex Maps,store card,115894975781,"Москва, Сходненская ул., 56",IpnYt5-LNUJNB83GYOarUBm8QQklWfk7R,2026-08-02,A-6ac3997ce67a,2,"воскресенье ,12 часов ,зона готовых завтраков от перекреста полупустая весть товар стоит в зале в 18 ящиков под стрейч пленкой.вопрос ! когда приходить за завтраком???после обеда?????","Здравствуйте. Спасибо, что нашли время написать отзыв. Мы ценим обратную связь.Расскажите, пожалуйста, подробнее в личных сообщениях группы ВКонтакте https://vk.com/perekrestok_shop или в Одноклассниках https://ok.ru/perekrestok.shop ✍️ Во всём разберёмся 🙌",https://yandex.ru/maps/org/115894975781/reviews
PXR-0497,Перекрёсток,review_service,Yandex Maps,store card,1346437790,"Москва, Сормовская ул., 6",EeZKxe-Cy7wCermozJTUiqU4a101Roqgg,2026-08-03,A-804299a8f4a3,1,"Работники магазина воруют товары курьеров. Сначала заказ невозможно найти. Они начинают что-то невнятное говорить, мол заказ собирается. Потом проходит время, заказа нет, поддержка говорит что заказ в пути и отменить невозможно. Никому не рекомендую ходить в этот магазин и покупать товары.","Здравствуйте. Расстроены, что вам пришлось столкнуться с подобным в нашем супермаркете. Хотим запросить подробности и разобраться в ситуации. Пожалуйста, напишите нам в личные сообщения сообщества во ВКонтакте (https://vk.com/write-19098502) или в Одноклассниках (https://ok.ru/group/54048360169715/messages).",https://yandex.ru/maps/org/1346437790/reviews
PXR-0498,Перекрёсток,review_service,Yandex Maps,store card,108942729577,"Кисловодск, просп. Победы, 6",1apBdjrY27dk6Vyhly2CziPkQ2Ybpu,2026-08-05,A-83452191d902,5,Лучший супермаркет во всем городе. Свободная парковка. Внутри прохладно. Огромный выбор товаров.,Спасибо за отзыв и высокую оценку! Для нас это важно.,https://yandex.ru/maps/org/108942729577/reviews
PXR-0499,Перекрёсток,review_service,Yandex Maps,store card,107753056573,"Москва, Можайское ш., 31, корп. 1",SWwIPqFxKyPICmjivAvUuoVvA2rtzJ,2026-08-05,A-4680f5e7a10b,1,"Хотела купить готовой еды в отделе Select и поесть набегу, но вот одноразовых приборов нет и не предусмотрено (со слов сотрудников), надо покупать отдельно. Все, больше не приду в ваш Select","Здравствуйте. Спасибо за обратную связь!Напишите нам, пожалуйста, в личные сообщения группы Вконтакте https://vk.com/perekrestok_shop или в Одноклассниках https://ok.ru/perekrestok.shop. Уточним некоторые моменты и всё проверим 👀",https://yandex.ru/maps/org/107753056573/reviews
PXR-0500,Перекрёсток,review_service,Yandex Maps,store card,150402629053,"Москва, ул. Грина, 7",rzOXRguLTZEHAkxH7A2Q7zm5s06oWquN,2026-08-06,A-0e0799e9dcdd,5,Хороший магазин большой,"Спасибо, нам очень приятно!",https://yandex.ru/maps/org/150402629053/reviews
PXR-0501,Перекрёсток,review_service,Yandex Maps,store card,241557372236,"Видное, Берёзовая ул., 8",EaxEX-woJ4vu8kKplt9x7hIxLhOq5Dj,2026-08-07,A-7c2fca2c1db5,1,"Ни одной тележки:( сотрудники помочь с этим не хотят, хамят. Разочарована. Как закупаться с корзинкой маленькой - не ясно","Здравствуйте. Расстроены, что вам пришлось столкнуться с подобным в нашем супермаркете. Хотим запросить подробности и разобраться в ситуации. Пожалуйста, напишите нам в личные сообщения сообщества во ВКонтакте (https://vk.com/write-19098502) или в Одноклассниках (https://ok.ru/group/54048360169715/messages).",https://yandex.ru/maps/org/241557372236/reviews
PXR-0502,Перекрёсток,review_service,Yandex Maps,store card,115894975781,"Москва, Сходненская ул., 56",EhEnfQqxjWav7gLw_noiMhCH1DmS1at4l,2026-08-07,A-956f0f6870ec,1,"Здравствуйте! Я приобрела в магазине""Перекресток"" по адресу Сходненская ул., 56, Москва, 5 августа 2026 года 3 упаковки фарша из свинины фирмы ""Ближние горки"". 2 упаковки я использовала в тот же день, 1 пачка осталась в холодильнике. Сегодня 7 августа 2026 года я достаю её из холодильника и замечанию в верхнем правом углу пятно, сначала я подумала, что может это сок от фарша, вскрываю упаковку и фарш воняет кислятиной. Он скис, хотя хранился в изначальной упаковке в холодильнике, он не вскрывался. Дата изготовления и упаковывания: 27.07.26. Годен до 13.08.26. Как он мог скиснуть в холодильнике в нераспечатанной герметичной упаковке? Срок его годности должен составлять ещё 5-6 дней. Пыталась дозвониться до поддержки перекрестка - не отвечают)","Здравствуйте. Расстроены, что вам пришлось столкнуться с подобным в нашем супермаркете. Хотим запросить подробности и разобраться в ситуации. Пожалуйста, напишите нам в личные сообщения сообщества во ВКонтакте (https://vk.com/write-19098502) или в Одноклассниках (https://ok.ru/group/54048360169715/messages).",https://yandex.ru/maps/org/115894975781/reviews
PXR-0503,Перекрёсток,review_service,Yandex Maps,store card,108942729577,"Кисловодск, просп. Победы, 6",gW7e8Yys614Ob7zvx_SD3pfP80EWqAl,2026-08-07,A-b01d4e54d46f,5,ЛУЧШЕ СУПЕРМАРКЕТА НЕ НАЙТИ!!!!!!!!,"Спасибо, что нашли время поделиться своими впечатлениями! Очень приятно.",https://yandex.ru/maps/org/108942729577/reviews
PXR-0504,Перекрёсток,review_service,Yandex Maps,store card,1033549331,"Москва, ул. Покрышкина, 5",cIXSLcA7cCsxFrfy0WG6PRUG3Vwf7U,2026-08-08,A-74182d3f87e0,1,"Кассир Мафтун, регулярно хамит. Швыряет товар, говорит что будет работать так как хочет. Когда ее попросили предоставить сигареты на кассе самообслуживания ( что и является ее работой) заявила чтобы «шли со своими сигаретами в другую кассу, пока я ваши сигареты пробиваю, у нас тут воруют». Продукты швыряет. Что портит качество продуктов. Также отказывается удалить товар из списка. Заявляет что кому не нравится, идите в другой магазин. Прошу разобраться. Магазин « Перекрёсток» на улице Покрышкина всегда был образцовым. Район богатый, престижный. Публика соответствует. Много интеллигентных людей и иностранных граждан. Многие покупатели уже пересмотрели обслуживание в данном магазине и сделали выбор в пользу другого. Если не хотите потерять последних клиентов, разберитесь со своим персоналом и наведите порядок.","Здравствуйте. Расстроены, что вам пришлось столкнуться с подобным в нашем супермаркете. Хотим запросить подробности и разобраться в ситуации. Пожалуйста, напишите нам в личные сообщения сообщества во ВКонтакте (https://vk.com/write-19098502) или в Одноклассниках (https://ok.ru/group/54048360169715/messages).",https://yandex.ru/maps/org/1033549331/reviews
PXR-0505,Перекрёсток,review_service,Yandex Maps,store card,107753056573,"Москва, Можайское ш., 31, корп. 1",raRKECGAIyWejYs0T7BGtLyweiKTdMlQm,2026-08-08,A-5b696326aff8,2,"Не совпадают ценники практически ни у одного товара! Поставили бы одну звезду, но ещё одну за ассортимент добавила!","Здравствуйте. Расстроены, что вам пришлось столкнуться с подобным в нашем супермаркете. Хотим запросить подробности и разобраться в ситуации. Пожалуйста, напишите нам в личные сообщения сообщества во ВКонтакте (https://vk.com/write-19098502) или в Одноклассниках (https://ok.ru/group/54048360169715/messages).",https://yandex.ru/maps/org/107753056573/reviews
PXR-0506,Перекрёсток,review_service,Yandex Maps,store card,241557372236,"Видное, Берёзовая ул., 8",wJxAAM-v6QULjpzLRk39cLttktLuBKHX,2026-08-08,A-434418fdfe02,5,"Очень классный, необычный и удобный магазин","Спасибо за отзыв! Рады, что вам нравится.",https://yandex.ru/maps/org/241557372236/reviews
PXR-0507,Перекрёсток,review_service,Yandex Maps,store card,150402629053,"Москва, ул. Грина, 7",dqRdgWeQucQwCE2HF-5Cm64ysqfLUHnH-,2026-08-10,A-a10455046947,5,"Большой магазин, огромный ассортимент, вежливые продавцы","Спасибо, это важно для нас!",https://yandex.ru/maps/org/150402629053/reviews
PXR-0508,Перекрёсток,review_service,Yandex Maps,store card,1106270812,"Санкт-Петербург, Пражская ул., 48/50",Dg_HkCbNAjdmpVrMzxUPnj0FPuJvyC9,2026-08-12,A-43fcf944fe83,2,"Отвратительное качество продуктов на витрине. Такое ощущение, что в магазине никто не следит за состоянием овощей и фруктов. Очень испортился магазин.","Здравствуйте, Карина! Спасибо большое, что поделились этой ситуацией. Простите, что подвели с качеством 😔 Мы уже передали обращение команде контроля качества для срочной проверки витрины. Как только получим ответ и разберёмся, обязательно вернёмся к вам с обратной связью. Благодарим, что помогаете нам стать лучше!",https://yandex.ru/maps/org/1106270812/reviews
PXR-0509,Перекрёсток,review_service,Yandex Maps,store card,1106270812,"Санкт-Петербург, Пражская ул., 48/50",OygFscnYkA44KU8fsRI_fOQBrGmuiAt,2026-08-12,A-12d164c1eb05,5,"Отличный магазин. Главный плюс — он работает круглосуточно . Это спасает, когда нужно что-то купить поздно вечером или рано утром. Внутри магазина приятная атмосфера: чисто, просторно, есть удобные навигационные указатели, так что легко ориентироваться в зале . Рядом есть парковка, что тоже важно для автолюбителей. Ассортимент радует: и фрукты-овощи, и большой выбор готовой еды в кулинарии, и своя пекарня со свежей выпечкой . Персонал в основном вежливый и доброжелательный, а наличие касс самообслуживания помогает сэкономить время, особенно в часы пик . Постоянные акции и скидки по карте «Перекрёсток» делают покупки выгодными . В общем, если вы в этом районе — отличное место для продуктового шопинга в любое время суток!","Спасибо, нам очень приятно!",https://yandex.ru/maps/org/1106270812/reviews
PXR-0510,Перекрёсток,review_service,Yandex Maps,store card,1106270812,"Санкт-Петербург, Пражская ул., 48/50",ZoytCXSkINruQVwyGpukl3g3T762ON5,2026-08-12,A-6df03995aedf,5,"Очень хороший и приятный магазин, вежливый персонал","Благодарим за положительный отзыв! Приятно, что смогли порадовать вас.",https://yandex.ru/maps/org/1106270812/reviews
PXR-0511,Перекрёсток,review_service,Yandex Maps,store card,1106270812,"Санкт-Петербург, Пражская ул., 48/50",bAjjcuTWWDsOu9K2uP7E38hscs5F0M,2026-08-12,A-3ef4eb40b05f,5,"Как по мне, один из самых приятных в посещении магазинов сети","Благодарим за положительный отзыв! Приятно, что смогли порадовать вас.",https://yandex.ru/maps/org/1106270812/reviews
PXR-0512,Перекрёсток,review_service,Yandex Maps,store card,1106270812,"Санкт-Петербург, Пражская ул., 48/50",RzYztoWMAc42viMef7eu5roy83yr5t_p1,2026-08-13,A-c0828b8f0daa,5,"Хороший магазин с хорошим ассортиментом, вежливый персонал, быстрое обслуживание",Благодарим за развернутый отзыв и хорошую оценку!,https://yandex.ru/maps/org/1106270812/reviews
PXR-0513,Перекрёсток,review_service,Yandex Maps,store card,107753056573,"Москва, Можайское ш., 31, корп. 1",pZgIgqeOVP04SQfWjCg3-WgsFIsfxH,2026-08-14,A-832ce1aea2ac,5,Просторный магазин . Есть все что нужно . В зале чисто и все продукты на своих местах . Очередь не большая пару человек . Придем еще .,"Мы рады, что вам нравится в Перекрёстке!",https://yandex.ru/maps/org/107753056573/reviews
PXR-0514,Перекрёсток,review_service,Yandex Maps,store card,150402629053,"Москва, ул. Грина, 7",HwWUjDuaQYf2FeQROjmPy6QEb8EfefA,2026-08-15,A-c20bbc405055,5,Ассортимент прекрасный,Ждём вас в наших супермаркетах!,https://yandex.ru/maps/org/150402629053/reviews
PXR-0515,Перекрёсток,review_service,Yandex Maps,store card,108942729577,"Кисловодск, просп. Победы, 6",ecNFO8lXezXYeq7riRZYV4rATkuI5AS_,2026-08-15,A-338c06eccbec,5,"Хороший выбор товаров. Есть продукция и местных производителей,и стандартный ассортимент Перекрестка. Отзывчивый персонал. Чисто и аккуратная выкладка товара.","Спасибо за отзыв! Рады, что вам нравится.",https://yandex.ru/maps/org/108942729577/reviews
PXR-0516,Перекрёсток,review_service,Yandex Maps,store card,107753056573,"Москва, Можайское ш., 31, корп. 1",fb7mon5mrFwlkTac2LT4JNA4YLLfyxH2,2026-08-16,A-ef6e2868e6d6,2,"Уточняю предыдущий отзыв. Тележки появились. Спасибо Магазин как был не плох, так и остался. Но прошу объяснить своим курьерам, что кроме них есть люди живущие в этом доме. И им не нравится как они: 1. Носятся по двору с бешенной скоростью; 2. Паркуются где попало и как попало. Мешают проезду колясок по тротуару и автомобилей по дороге; 3. Двор возле задней двери магазина превратили в свой собственный. У вас же есть своя зона разгрузки. Пусть там и заезжают. Зачем мешать жителям дома?","Здравствуйте! Большое спасибо, что нашли время поделиться своим мнением. Будем признательны, если вы направите ваши замечания или пожелания в личные сообщения группы ВКонтакте https://vk.com/perekrestok_shop или в Одноклассниках https://ok.ru/perekrestok.shop ✍",https://yandex.ru/maps/org/107753056573/reviews
PXR-0517,Перекрёсток,review_service,Yandex Maps,store card,1011746989,"Санкт-Петербург, ул. Ефимова, 2",vmM9RNvWXJn4d6Y5GaZZuHShTLYRR-w,2026-08-16,A-1fdf1623f3a0,1,"1 августа покупала свежую рыбу в рыбном отделе. Продавца рыбного отдела не было, вызвали из другого отдела. Ценники на рыбу стояли неправильно, но никто из персонала не разбирается в рыбе, как выяснилось. Но жуть не в этом. Я выбрала филе судака (или треску по мнению персонала). Рыба не пахла, не рассыпалась, когда вытаскивала кости. Но!! Когда начала готовить, рыба через минуту рассыпалась и потекла водой. Я -увы - не придала этому значения. Итог: мы с мужем отравились этой рыбой. Безобразие, вызывайте проверку, что вам привозят в магазин!!","Здравствуйте! Спасибо за то, что поделились информацией. Мы хотим уточнить у вас несколько моментов — это поможет быстрее разобраться в ситуации. Пожалуйста, найдите минутку и напишите нам в личные сообщения группы ВКонтакте https://vk.com/perekrestok_shop или в Одноклассниках https://ok.ru/perekrestok.shop — будем очень признательны!",https://yandex.ru/maps/org/1011746989/reviews
PXR-0518,Перекрёсток,review_service,Yandex Maps,store card,1106270812,"Санкт-Петербург, Пражская ул., 48/50",AYdrGJqePhwi5zhC9QjEQrePMDmqLE,2026-08-17,A-446d1d6990f7,5,"Очень нравится этот магазин, хороший ассортимент, нет километровых очередей с полными телегами продуктов, как в Гиперленте, например, и всегда вежливое отношение сотрудников магазина (и охраны, и продавцов-кассиров). Спасибо, с удовольствием приезжаю к вам)!",Благодарим за развернутый отзыв и хорошую оценку!,https://yandex.ru/maps/org/1106270812/reviews
PXR-0519,Перекрёсток,review_service,Yandex Maps,store card,1011746989,"Санкт-Петербург, ул. Ефимова, 2",RVrCdKze2F2SSP3P2BX6JOY3BqX6NF9,2026-08-17,A-fc0fea6d9f20,1,Кассы закрываются все на технический перерыв в 23.50. непонятно почему магазин считается круглосуточным,"Здравствуйте. Спасибо, что поделились своим мнением. Обратная связь для нас очень важна.Напишите нам, пожалуйста, в личные сообщения группы ВКонтакте https://vk.com/perekrestok_shop или в Одноклассниках https://ok.ru/perekrestok.shop ✍️ Уточним некоторые моменты и обязательно всё проверим 🕵️‍♀️",https://yandex.ru/maps/org/1011746989/reviews
PXR-0520,Перекрёсток,review_service,Yandex Maps,store card,115894975781,"Москва, Сходненская ул., 56",n879M2dnOrLw6V_5w1iXXZ7UtDh3rpDV,2026-08-21,A-39877c3c28d6,3,"Сам магазин неплохой, но с открытием опоздали на 5 минут, для работающих людей это большой минус","Здравствуйте. Мы искренне стремимся к тому, чтобы вы оставались довольны нашим сервисом. Огорчены, что в этот раз что-то пошло не так 😔Чтобы мы могли детально разобраться в ситуации, пожалуйста, свяжитесь с нами в личных сообщениях группы ВКонтакте https://vk.com/perekrestok_shop или в Одноклассниках https://ok.ru/perekrestok.shop и расскажите обо всём подробнее ✍ Всё проверим!",https://yandex.ru/maps/org/115894975781/reviews
PXR-0521,Перекрёсток,review_service,Yandex Maps,store card,150402629053,"Москва, ул. Грина, 7",ws9OyvFWkW5I3hUKPScN01zXdM0Lx0a,2026-08-21,A-e9ac0c560972,5,Люблю этот магазин.,Вы делаете нас лучше!,https://yandex.ru/maps/org/150402629053/reviews
PXR-0522,Перекрёсток,review_service,Yandex Maps,store card,150402629053,"Москва, ул. Грина, 7",JoNq0Ft96YbW972mqIEXB0-KPosDk8pT,2026-08-23,A-034e6775d765,2,"Испортились окончательно после ремонта. Проходы сделали узкие, ассортимент уменьшили до безобразия. Зато огромная витрина с готовой едой. Охранник пошел за мной перевешивать кисть винограда за 180 руб за кг. У него медкнижка что ли есть?? И право мне не верить?? Кассир знает ассортимент, а охрана куда лезет? Унижение и противно. Я в этот магазин хожу с момента его открытия. Клиент у нас теперь и не клиент. Противно, что это ближайший магазин и не самый демократичный по ценам.","Здравствуйте. Согласны: посещение супермаркета должно радовать, а не огорчать, давайте вместе разберёмся, что произошло. Напишите нам, пожалуйста, в личные сообщения группы ВКонтакте https://vk.com/perekrestok_shop или в Одноклассниках https://ok.ru/perekrestok.shop ✍️ Хотим уточнить некоторые моменты и всё проверим.",https://yandex.ru/maps/org/150402629053/reviews
PXR-0523,Перекрёсток,review_service,Yandex Maps,store card,1106270812,"Санкт-Петербург, Пражская ул., 48/50",V7xsl6zcM0jmiaHCWz8-enE7Q8I6aR,2026-08-24,A-5930a5373880,3,"Магазин вроде ничего , но та что наливала сегодня кофе 24.08. Очень по хамски общалась","Здравствуйте. Мы очень ценим каждого клиента и стремимся обеспечить максимально высокий уровень обслуживания. Чтобы разобраться в вопросе и принять необходимые меры, пожалуйста, поделитесь с нами дополнительными сведениями. Напишите нам, пожалуйста, в личные сообщения группы ВКонтакте https://vk.com/perekrestok_shop или в Одноклассниках https://ok.ru/perekrestok.shop ✍️",https://yandex.ru/maps/org/1106270812/reviews
PXR-0524,Перекрёсток,review_service,RuStore,app storefront,,Перекрёсток mobile app,public-row-30-2026-08-25,2026-08-25,A-5417536690ea,,"За каким-то лешим возле qr-кода появилась красная кнопка ""выбрать кэшбэк 3 категории"". По нажатию которой приложение уходит в вечную загрузку уж не знаю чего. Видимо того самого неимоверного количества кэшбэка, которые собиралось вернуть мне, если бы работало. Но оно не работает. Уж лучше б и не делали тогда, чего зря обнадеживать.",,https://www.rustore.ru/catalog/app/ru.perekrestok.app/reviews
PXR-0525,Перекрёсток,review_service,Yandex Maps,store card,1033549331,"Москва, ул. Покрышкина, 5",twlU68wMJqEWy-G9-G4HRdts5uzikY,2026-08-25,A-091eedd1f1dc,5,"Большой, чистый, без очередей, большая парковка","Спасибо, это важно для нас!",https://yandex.ru/maps/org/1033549331/reviews
PXR-0526,Перекрёсток,review_service,RuStore,app storefront,,Перекрёсток mobile app,public-row-29-2026-08-26,2026-08-26,A-cbb776f376a8,,"Невозможно написать претензию, она не отправляется. Нажимаю отправить,пишет произошла ошибка и так каждый раз. Пыталась оставить чаевые, тоже не получается, со службой поддержки вообще не открывается час. Просто безобразие",,https://www.rustore.ru/catalog/app/ru.perekrestok.app/reviews
PXR-0527,Перекрёсток,review_service,Yandex Maps,store card,241557372236,"Видное, Берёзовая ул., 8",mHww4xfOSKzYR0mfxK3p2gE2KhChbz,2026-08-26,A-b7845dbb8e17,5,"Этот перекресток — лучший в городе, хожу только в него, хотя есть магазин и поближе к дому. На березовой 8 всегда большой выбор продуктов, никогда не покупала просроченные или пропавшие товары, а еще всегда свежее мясо в кулинарии. У меня кошки привереды, из других перекрестков приносила им мясо, отказывались, а от мяса в этом магазине ни разу. Животных не обманешь! Еще отдельно хочу выразить благодарность продавцу мясного отдела ночной смены Любови! Только из-за нее одной стоит ходить в этот магазин. Приветливая, интеллигентная, энергичная, всегда подскажет и поможет с выбором, положит именно те кусочки, которые просишь, именно то количество, что нужно! Настоящий профессионал, всегда с улыбкой на лице, всегда с вниманием к покупателям! Желаю Любови всего самого наилучшего, а главное, здоровья!",Спасибо за обратную связь!,https://yandex.ru/maps/org/241557372236/reviews
PXR-0528,Перекрёсток,review_service,RuStore,app storefront,,Перекрёсток mobile app,public-row-27-2026-08-27,2026-08-27,A-f062ebaa4bf1,,"Из качественного приложения превратилось в нервотрепный отстой. Глючит всё: оценка товаров, диалоговое окно, про работу поддержки вообще слов нет: тупые ответы тупого бота, которые не имеют никакого отношения к заданному вопросу. Больше не буду ничего заказывать через это так называемое ""приложение""",,https://www.rustore.ru/catalog/app/ru.perekrestok.app/reviews
PXR-0529,Перекрёсток,review_service,RuStore,app storefront,,Перекрёсток mobile app,public-row-28-2026-08-27,2026-08-27,A-c64d86765893,,Невозможно оценить товары. При нажатии на любой из них бесконечная загрузка. Upd. Исправили с обновлением.,,https://www.rustore.ru/catalog/app/ru.perekrestok.app/reviews
PXR-0530,Перекрёсток,review_service,Yandex Maps,store card,1106270812,"Санкт-Петербург, Пражская ул., 48/50",KzSYdb4926V9aX12EYlTlmSeoVRQtA,2026-08-27,A-2c211a5b8744,5,"Прошу всех пишите хорошее. Пишите доброе. Это как чего в вас больше - так и пишите. Или просто предлагайте, что можно улучшить ещё. Для меня это магазин, где тебе рады. Где сотрудники гостеприимны. Где даже утро с улыбкой всегда бывает добрым. Где чай или кофе - возможны при любой погоде. Вне времени. Где в кафе есть возможность наблюдать за ритмом жизни или просто встретиться. Магазин, где широта ассортимента товарных позиций в любом из отделов позволяет чувствовать себя абсолютно уверенно и свободно. А всегда свежие продукты помогут воплотить любой рецепт. Магазин, где умеют слышать и слушать. Где ваша улыбка напрямую зависит от компетентности и вежливости персонала. Что является важным фактором сервиса. Где в пекарне всегда возможен свежий хлеб: такой простой, такой с корочкой и почти похожий как в детстве. Магазин, где с заботой о каждом, где в любых отделах есть продукты для вашего здоровья и настроения. Магазин, где нет стрессовых моментов. Что также является отличительным критерием комфорта. И где можно встретить самого вежливого сотрудника инновационной современности (робота-пылесоса), потерев бочок корпуса которого пренепременно к исполнению желания. Проверено.","Спасибо, что нашли время поделиться своими впечатлениями! Очень приятно.",https://yandex.ru/maps/org/1106270812/reviews
PXR-0531,Перекрёсток,review_service,Yandex Maps,store card,1011746989,"Санкт-Петербург, ул. Ефимова, 2",ogZGXQR7wIGJC8r4pZZfJWrzYdiUZ7FlE,2026-08-27,A-07d6da730cde,1,"Пришли под полночь купить продукты, кассовые автоматы на перегрузке, понимаем, надо чтобы система обновилась, объявление услышали, положили продукты перед одним киоском, чтобы в руках не держать, неудобно. Подлетел мужчина сотрудник и начал неадекватно на повышенных тонах говорить, зачем мы лезем. Мы ему объяснили, что просто хотим поставить вещи, он послал идти, ибо ""вы не видите, кассы не работают, вы ничего не пробьёте!!"". Очень неуважительное отношение к покупателям, отбило всякое желание приходить. Итак с работы идёшь уставший, ещё и наезжают.","Здравствуйте. Спасибо за обратную связь! Мы хотим провести проверку.Напишите нам, пожалуйста, в личные сообщения группы ВКонтакте https://vk.com/perekrestok_shop или в Одноклассниках https://ok.ru/perekrestok.shop. Обязательно во всём разберёмся 🙌",https://yandex.ru/maps/org/1011746989/reviews
PXR-0532,Перекрёсток,review_service,RuStore,app storefront,,Перекрёсток mobile app,public-row-26-2026-08-28,2026-08-28,A-eee9410fb8fe,,"Сервис ниже плинтуса. Заказы отменяют, клиенту позвонить нормально не могут. Просто полной отстой",,https://www.rustore.ru/catalog/app/ru.perekrestok.app/reviews
PXR-0533,Перекрёсток,review_service,Yandex Maps,store card,1011746989,"Санкт-Петербург, ул. Ефимова, 2",LokeL8IiOZ4vyBbiomCvhBKbwF0pDtcA,2026-08-28,A-96c55abf75ce,5,"Супермаркет большой) Можно собрать корзину на любой кошелек, существует разнообразие товаров. Но цены, конечно, не прям как в Дикси)) Есть зона кафе, можно поесть. Я часто сюда ходила, когда жила рядом — отличный магазин)",Благодарим за отзыв! Стараемся для вас.,https://yandex.ru/maps/org/1011746989/reviews
PXR-0534,Перекрёсток,review_service,Yandex Maps,store card,1016216449,"Москва, Старокачаловская ул., 1Б",NTlIYXn3Z6Mowcj07VNahw0W0xS_7b,2026-08-28,A-76e0a0edf0ab,5,"Отличный супермаркет. Особенно нравиться белый хлеб , который они пекут сами . Да и вобщем приятный супермаркет . Там всегда персонал на движухе, всегда что то делают.",Благодарим за развернутый отзыв и хорошую оценку!,https://yandex.ru/maps/org/1016216449/reviews
PXR-0535,Перекрёсток,review_service,RuStore,app storefront,,Перекрёсток mobile app,public-row-23-2026-08-29,2026-08-29,A-5afc2072f989,,"Карты не активирует, да и эту функцию не найдешь ... И вообще, деление людей на лояльных и не лояльных есть прямое оскорбление людей - особенно старых...",,https://www.rustore.ru/catalog/app/ru.perekrestok.app/reviews
PXR-0536,Перекрёсток,review_service,RuStore,app storefront,,Перекрёсток mobile app,public-row-24-2026-08-29,2026-08-29,A-9537aece39c9,,"Данные о покупках подгружаются с опозданием. Пример: сегодня 29 августа, вчера скачивала обновление, по итогу там последняя покупка от 26 августа, а у меня после этого было ещё 4 покупки - они ещё не отображены.",,https://www.rustore.ru/catalog/app/ru.perekrestok.app/reviews
PXR-0537,Перекрёсток,review_service,Yandex Maps,store card,241557372236,"Видное, Берёзовая ул., 8",o0wagj1vAAn_MTjxe7rkCSrcNpEpfiI,2026-08-29,A-a7be76ac0cf0,5,"Как и везде по сети-чисто, удобно, большой ассортимент)",Спасибо за ваш отзыв! Будем рады снова видеть вас в нашем супермаркете.,https://yandex.ru/maps/org/241557372236/reviews
PXR-0538,Перекрёсток,review_service,RuStore,app storefront,,Перекрёсток mobile app,public-row-22-2026-08-31,2026-08-31,A-2c69597d7a96,,"Приложение рабочее, пишу отзыв, чтобы сказать о проблеме приложений Перекрестка и Пятерочки: личный кабинет карты Апельсин работает только на одном телефоне, подтверждаешь устройство, на втором телефоне выбрасывает из аккаунта. В приложениях магазинов такого не происходит, приложение Альфа банка тоже прекрасно работает с одним аккаунтом на разных телефонах, а вот с Апельсином проблема. Исправьте, пожалуйста.",,https://www.rustore.ru/catalog/app/ru.perekrestok.app/reviews
PXR-0539,Перекрёсток,review_service,Yandex Maps,store card,1016216449,"Москва, Старокачаловская ул., 1Б",PF2PeOOnSiZYyoOHyps-4BnsOcognp9-e,2026-08-31,A-b9197a8f0182,5,Сделан по всем стандартам. Но кресла в кафе желают лучшего(обшарпаные),"Благодарим за положительный отзыв! Приятно, что смогли порадовать вас.",https://yandex.ru/maps/org/1016216449/reviews
